NU_INSCRICAO;NU_ANO;NO_MUNICIPIO_RESIDENCIA;UF_RESIDENCIA;IDADE;TP_SEXO;ST_CONCLUSAO;ANO_CONCLUIU;TP_ESCOLA;IN_TP_ENSINO;TP_COR_RACA;NOTA_CN;NOTA_CH;NOTA_LC;NOTA_MT;NU_NOTA_REDACAO;Q003
140000000001;2014;SAO BERNARDO DO CAMPO;SP;18;F;1;2013;1;1;1;536.9;570.2;576.1;478.3;560;E
140000000002;2014;CONTAGEM;MG;24;M;4;;;;2;458.2;519.5;525.8;484.2;240;C
140000000003;2014;SAO PAULO;SP;19;M;1;2012;1;1;2;575.9;634.7;541.5;617.6;600;K
140000000004;2014;SAO PAULO;SP;18;F;1;2013;1;1;1;482.6;475.8;499.7;381.3;640;C
140000000005;2014;VITORIA DA CONQUISTA;BA;45;M;1;2004;2;1;1;612.6;700.7;596.5;648.2;580;F
140000000006;2014;ITAGUAI;RJ;34;F;1;2004;1;1;3;552.7;587.3;538.7;489.3;540;C
140000000007;2014;CURITIBA;PR;21;M;1;2009;1;1;3;595.9;680.4;604.8;660.4;600;C
140000000008;2014;JUAZEIRO DO NORTE;CE;39;M;1;2004;1;1;1;581.5;597;535.7;516.1;540;C
140000000009;2014;ARAGUARI;MG;19;M;1;2012;1;1;1;518.8;569.8;561;623.2;640;F
140000000010;2014;SAO PAULO;SP;38;M;1;2004;1;1;1;506.8;650.9;;;0;C
140000000011;2014;BRASILIA;DF;22;F;1;2010;2;1;1;657;693.5;647.4;660.6;720;H
140000000012;2014;PELOTAS;RS;24;F;1;2007;1;1;1;448.9;556.8;549.1;545;500;E
140000000013;2014;RIO DE JANEIRO;RJ;20;F;1;2012;1;1;1;503.3;619;553.2;568.3;520;B
140000000014;2014;TERESINA;PI;48;M;1;2004;2;1;3;;;;;0;H
140000000015;2014;RIO GRANDE;RS;34;F;1;2004;1;2;2;;;;;0;C
140000000016;2014;SALVADOR;BA;32;F;1;2013;1;2;3;416.9;452.8;452.9;0;0;C
140000000017;2014;CAMPO GRANDE;MS;25;F;1;2006;1;1;3;404.9;556.9;561.3;448.8;600;C
140000000018;2014;JUAZEIRO;BA;27;M;1;2006;2;1;0;675.3;646.8;566.5;869;820;E
140000000019;2014;LONDRINA;PR;37;F;1;2004;1;1;1;;;;;0;F
140000000020;2014;CURITIBA;PR;20;M;1;2012;1;1;1;354.7;456.1;;;0;B
140000000021;2014;UBERLANDIA;MG;33;F;1;2011;1;2;3;;;;;0;E
140000000022;2014;SANTA MARIA;RS;19;F;4;;;;3;355.6;536.9;495.2;474.6;500;B
140000000023;2014;VOLTA REDONDA;RJ;18;M;1;2013;1;1;1;;;;;0;B
140000000024;2014;GOIANIA;GO;39;F;4;;;;1;;;;;0;I
140000000025;2014;SALVADOR;BA;24;F;1;2008;1;1;3;;;;;0;F
140000000026;2014;RIO BRANCO;AC;20;F;1;2011;1;1;3;549.7;539.2;537.7;478.2;560;D
140000000027;2014;VALPARAISO DE GOIAS;GO;21;F;1;2011;1;1;1;482.9;635.9;576.2;457.1;600;E
140000000028;2014;JABOATAO DOS GUARARAPES;PE;25;F;1;2006;1;1;3;451.2;449.3;429.1;505.3;440;C
140000000029;2014;TERESINA;PI;26;F;1;2009;1;1;3;425.8;409.7;512.3;365.8;280;C
140000000030;2014;FORTALEZA;CE;22;F;4;;;;3;452.5;521.7;465.4;437.6;520;B
140000000031;2014;CABO FRIO;RJ;28;M;1;2004;1;1;2;441.8;593.8;;;0;H
140000000032;2014;BRASILIA;DF;40;M;1;2004;1;4;0;402.3;548;407.3;326.9;560;C
140000000033;2014;CASCAVEL;PR;20;F;4;;;;1;435.3;601;534.5;376.9;440;C
140000000034;2014;RIO CLARO;SP;19;F;1;2013;1;1;2;541.3;595.2;;;0;B
140000000035;2014;NOVO GAMA;GO;21;F;1;2010;1;1;3;471.6;568.6;572.1;602.6;440;F
140000000036;2014;BRASILIA;DF;21;F;1;2010;1;1;2;;;;;0;E
140000000037;2014;CAMARAGIBE;PE;17;M;2;;1;1;2;504.9;587.3;513;442.1;460;C
140000000038;2014;IMPERATRIZ;MA;18;F;1;2013;2;1;3;566.5;578.7;550.7;400.9;620;J
140000000039;2014;SANTA BARBARA D OESTE;SP;25;F;1;2006;1;1;1;569;632.7;570.1;492.6;880;G
140000000040;2014;RECIFE;PE;20;F;1;2012;2;1;1;;;;;0;H
140000000041;2014;BETIM;MG;23;M;1;2009;2;1;1;;;;;0;C
140000000042;2014;OSASCO;SP;26;M;1;2005;1;1;1;;;;;0;C
140000000043;2014;MACEIO;AL;37;M;1;2004;1;1;3;527.9;590.6;487.8;434.2;300;D
140000000044;2014;ILHEUS;BA;36;F;1;2004;1;2;3;;;;;0;A
140000000045;2014;GARANHUNS;PE;17;M;2;;1;1;3;484.7;554.3;518.7;405.2;480;B
140000000046;2014;MONTES CLAROS;MG;20;M;1;2011;1;1;3;;;;;0;E
140000000047;2014;ANANINDEUA;PA;23;M;1;2010;1;1;2;490.3;643.5;583.7;602.4;760;D
140000000048;2014;BELO HORIZONTE;MG;20;M;1;2012;1;1;1;464.5;594.8;520.4;610.9;420;F
140000000049;2014;JABOATAO DOS GUARARAPES;PE;20;F;1;2011;1;1;3;395;483.4;418.4;460.3;440;C
140000000050;2014;PETROPOLIS;RJ;28;F;1;2005;1;1;1;586;577.7;562.7;528.5;760;F
140000000051;2014;RIO DE JANEIRO;RJ;20;M;1;2012;2;1;3;463.8;555.7;532.4;404.3;580;C
140000000052;2014;VARZEA GRANDE;MT;36;M;1;2013;2;2;3;;;;;0;B
140000000053;2014;CAMPO GRANDE;MS;32;F;1;2004;1;2;0;504.3;603.3;524.6;561.2;500;B
140000000054;2014;MACAE;RJ;20;F;1;2012;1;1;3;562;593.8;573;557.7;640;D
140000000055;2014;SAO PAULO;SP;30;M;1;2004;1;1;1;;;;;0;F
140000000056;2014;SAO PAULO;SP;23;F;1;2009;1;1;1;;;;;0;F
140000000057;2014;BRASILIA;DF;27;M;1;2010;2;4;3;583.4;597.1;595.3;544.4;560;C
140000000058;2014;TERESINA;PI;27;F;1;2006;1;1;3;390.9;433.6;483.4;425.5;200;C
140000000059;2014;BRASILIA;DF;34;F;4;;;;3;;;;;0;B
140000000060;2014;SUMARE;SP;19;M;1;2013;1;1;2;;;;;0;E
140000000061;2014;BELO HORIZONTE;MG;19;F;1;2013;1;1;3;637.8;651;589;677.4;700;D
140000000062;2014;FEIRA DE SANTANA;BA;19;M;1;2013;2;1;3;603.5;659.3;614.6;476.9;500;N
140000000063;2014;SERRA;ES;18;F;2;;1;1;3;398.7;560.4;485;383.8;500;E
140000000064;2014;LONDRINA;PR;34;F;4;;;;1;;;;;0;C
140000000065;2014;MACEIO;AL;23;M;1;2008;1;1;3;474;472.1;390.3;364.1;280;C
140000000066;2014;ARAPIRACA;AL;30;F;1;2004;2;2;3;388.1;371;418;338.6;460;B
140000000067;2014;BRASILIA;DF;20;F;1;2012;1;1;3;;;;;0;I
140000000068;2014;BELEM;PA;18;M;1;2013;1;1;1;553.4;626.4;608;543.8;580;C
140000000069;2014;RIO DE JANEIRO;RJ;19;M;1;2012;2;1;1;680.5;683.3;606.8;621.7;920;O
140000000070;2014;CORUMBA;MS;23;M;1;2010;1;1;4;;;;;0;B
140000000071;2014;SALTO;SP;18;F;2;;1;1;1;548.7;625;593.8;528.4;800;B
140000000072;2014;HORTOLANDIA;SP;35;F;1;2012;1;2;1;422.9;552.9;544.2;522.1;260;B
140000000073;2014;MACEIO;AL;30;M;4;;;;2;448.4;597;497.6;431.3;500;B
140000000074;2014;DIVINOPOLIS;MG;20;M;1;2013;1;1;1;658.9;657.3;622.8;721.8;680;P
140000000075;2014;SANTO ANDRE;SP;21;M;1;2011;2;1;1;544.2;662.8;587.1;583.7;560;D
140000000076;2014;MACEIO;AL;36;F;1;2004;1;1;1;591.8;617.5;588.7;628.6;760;D
140000000077;2014;FORTALEZA;CE;20;F;1;2011;1;1;3;407;573.7;530.7;394;640;G
140000000078;2014;CAMACARI;BA;20;F;1;2010;2;1;3;356.7;570.1;566.5;355.6;600;D
140000000079;2014;EMBU DAS ARTES;SP;30;F;2;;1;2;3;414.7;544;491.6;324.6;600;F
140000000080;2014;BAGE;RS;20;F;1;2011;1;1;1;461.2;541.8;529.4;483.1;340;H
140000000081;2014;SALVADOR;BA;18;F;1;2013;1;1;2;;;;;0;D
140000000082;2014;RECIFE;PE;36;F;1;2004;1;1;1;;;;;0;D
140000000083;2014;SAO PAULO;SP;48;M;1;2004;1;2;3;;;;;0;C
140000000084;2014;MANAUS;AM;20;F;1;2011;1;1;3;;;;;0;C
140000000085;2014;BARRO;CE;32;M;1;2004;1;1;1;;;;;0;C
140000000086;2014;RECIFE;PE;18;F;1;2013;2;1;1;530.5;597.8;572.5;503.6;680;J
140000000087;2014;FORTALEZA;CE;18;F;1;2013;1;1;3;494.7;631.9;599;545;600;C
140000000088;2014;PORTO VELHO;RO;17;M;2;;1;1;1;466.6;480.2;433.7;447.8;280;F
140000000089;2014;RIO DE JANEIRO;RJ;17;M;2;;2;1;1;622.9;660.9;603.1;634.8;640;M
140000000090;2014;JOAO PESSOA;PB;17;F;3;;;;3;442.2;453.7;514.3;487;340;C
140000000091;2014;SAO JOSE DO RIO PRETO;SP;32;M;1;2004;1;1;1;511.9;536;520;542;320;E
140000000092;2014;RECIFE;PE;25;F;1;2006;1;1;3;;;;;0;C
140000000093;2014;RIO DE JANEIRO;RJ;17;F;2;;1;1;3;535;632.3;602.3;458;660;G
140000000094;2014;SAO PAULO;SP;22;F;1;2010;1;1;2;;;;;0;D
140000000095;2014;CURITIBA;PR;25;M;1;2010;1;2;1;602.1;672.8;591.8;584.5;580;E
140000000096;2014;SAO GONCALO;RJ;18;F;3;;;;3;363.4;532;489.2;417.6;480;C
140000000097;2014;PORTO ALEGRE;RS;39;M;1;2004;2;2;2;461.7;650.7;579.3;342.6;480;D
140000000098;2014;CAMPINA GRANDE;PB;45;M;1;2004;1;1;1;470.2;601.8;583.8;379.7;640;B
140000000099;2014;CAMPO GRANDE;MS;37;M;1;2004;1;1;4;528.4;554.8;478.7;507.9;460;C
140000000100;2014;JUAZEIRO DO NORTE;CE;23;M;2;;1;2;1;;;;;0;B
140000000101;2014;UBERLANDIA;MG;24;F;1;2007;1;1;5;457.1;560.7;547.1;415.9;380;B
140000000102;2014;SALVADOR;BA;20;M;2;;1;1;2;466.4;439.7;;;0;B
140000000103;2014;FORTALEZA;CE;26;M;1;2005;1;1;2;;;;;0;E
140000000104;2014;ANANINDEUA;PA;27;F;4;;;;1;454.5;521.3;436.1;365.9;660;C
140000000105;2014;SAO LUIS;MA;19;F;1;2013;1;1;1;456.4;564.7;533.4;360.7;380;D
140000000106;2014;AGUAS LINDAS DE GOIAS;GO;18;F;2;;1;1;1;443.2;378.7;364.2;342.2;220;A
140000000107;2014;BRASILIA;DF;48;M;1;2004;2;1;1;;;;;0;O
140000000108;2014;SALVADOR;BA;17;F;2;;1;1;3;449.5;516.1;485.5;499.5;540;B
140000000109;2014;CAMPO GRANDE;MS;22;F;1;2010;1;1;1;437.2;626;;;0;G
140000000110;2014;ITATIBA;SP;25;F;1;2006;1;1;1;410;509.7;530.1;472.8;660;G
140000000111;2014;VARZEA GRANDE;MT;25;M;1;2006;1;1;3;447;599.8;548.2;545.5;580;D
140000000112;2014;GOIANIA;GO;19;F;1;2012;1;1;3;496.7;491.6;504.8;487.1;500;C
140000000113;2014;SUMARE;SP;24;F;1;2007;2;1;1;;;;;0;F
140000000114;2014;ANANINDEUA;PA;21;F;1;2010;2;1;3;578.4;637.8;520;571;860;B
140000000115;2014;FORTALEZA;CE;23;M;1;2011;2;1;3;553.2;618.6;594.6;589.5;560;D
140000000116;2014;ANANINDEUA;PA;16;F;3;;;;3;490.6;535.7;498.6;434.4;340;D
140000000117;2014;PELOTAS;RS;22;M;1;2011;1;1;2;483;542.5;532.5;366.4;380;B
140000000118;2014;QUIXADA;CE;20;M;1;2012;1;1;3;463.3;536.1;449.6;439.6;0;F
140000000119;2014;SAO PAULO;SP;23;F;4;;;;1;;;;;0;C
140000000120;2014;JUIZ DE FORA;MG;20;F;2;;1;2;2;472.5;509.6;518;400.9;240;D
140000000121;2014;URUGUAIANA;RS;19;F;1;2013;1;1;1;;;;;0;E
140000000122;2014;ARARAS;SP;20;M;1;2012;1;1;1;522.8;635.1;595.3;523;580;D
140000000123;2014;ANAPOLIS;GO;19;F;1;2012;1;1;1;468.3;523.6;532.5;431.1;360;E
140000000124;2014;VITORIA DA CONQUISTA;BA;29;M;1;2011;1;2;1;;;;;0;D
140000000125;2014;CONTAGEM;MG;20;F;1;2012;1;1;3;419;391.6;477;497.7;360;D
140000000126;2014;SAO ROQUE;SP;26;F;1;2006;1;1;1;;;;;0;C
140000000127;2014;VIANA;ES;50;F;1;2004;1;1;2;509.9;590.8;502.1;413.6;440;C
140000000128;2014;BELO HORIZONTE;MG;17;M;3;;;;1;659.5;654.8;601;784.9;680;Q
140000000129;2014;MARACANAU;CE;18;F;1;2013;2;1;1;592.9;580.6;605.5;548.5;540;I
140000000130;2014;RECIFE;PE;17;F;2;;2;1;1;626.9;736.9;606.4;597.7;980;O
140000000131;2014;TERESINA;PI;37;F;1;2004;1;1;3;387;526.2;566.8;505.7;440;D
140000000132;2014;FORTALEZA;CE;26;F;1;2007;1;1;3;512.8;617.5;626;479.3;600;F
140000000133;2014;GOVERNADOR VALADARES;MG;18;M;4;;;;3;382.6;406.9;;;0;B
140000000134;2014;BRASILIA;DF;32;F;1;2004;1;1;2;444.4;562.7;435.5;467.9;0;E
140000000135;2014;JABOATAO DOS GUARARAPES;PE;30;M;1;2004;1;1;1;;;;;0;B
140000000136;2014;BARUERI;SP;24;M;4;;;;2;438.4;546.5;484.9;490.5;500;G
140000000137;2014;SAO PAULO;SP;19;F;1;2013;1;1;1;;;;;0;C
140000000138;2014;CAJAMAR;SP;23;F;4;;;;1;493;543.8;367.3;477.2;720;C
140000000139;2014;MACAPA;AP;18;M;3;;;;1;;;;;0;B
140000000140;2014;FORTALEZA;CE;16;F;3;;;;3;590.7;585.9;524;517.2;480;D
140000000141;2014;BETIM;MG;19;F;1;2013;1;1;1;;;;;0;E
140000000142;2014;MONTES CLAROS;MG;21;M;1;2011;2;1;3;590.7;615.3;575;654;540;C
140000000143;2014;NATAL;RN;20;F;1;2011;2;1;1;;;;;0;D
140000000144;2014;GUARULHOS;SP;20;F;1;2009;1;1;3;470.1;585.6;519.5;411;620;C
140000000145;2014;ITAGUAI;RJ;20;M;1;2011;1;1;3;578.6;617.4;618.6;661.3;580;D
140000000146;2014;SAO LUIS;MA;34;F;1;2004;1;1;0;498.4;534.9;407.3;459.1;220;D
140000000147;2014;FEIRA DE SANTANA;BA;19;M;1;2013;2;1;3;681.7;690.9;543;721.7;720;H
140000000148;2014;SAO LEOPOLDO;RS;21;F;1;2013;1;1;1;430.6;619.1;580;527.7;640;D
140000000149;2014;SAO PAULO;SP;17;M;2;;1;1;1;482.8;582.7;547.1;569.3;560;E
140000000150;2014;ITAPEVI;SP;23;M;4;;;;3;443.6;561.9;482;549.2;340;F
140000000151;2014;CURITIBA;PR;16;F;3;;;;1;490.3;575.3;522.2;461.2;480;P
140000000152;2014;RIO BRANCO;AC;29;F;1;2004;1;1;3;;;;;0;C
140000000153;2014;BELEM;PA;41;M;1;2013;1;1;3;;;;;0;C
140000000154;2014;RECIFE;PE;18;M;1;2013;1;1;1;460.6;479.4;459;522.5;540;C
140000000155;2014;SAO ROQUE;SP;29;M;1;2004;1;1;3;491.4;588;529.4;567.9;640;F
140000000156;2014;ITAPECERICA DA SERRA;SP;20;M;1;2012;1;1;1;536.1;425.3;500.7;508.9;240;H
140000000157;2014;CORUMBA;MS;28;F;1;2013;1;1;3;426;431;432.6;384.5;320;C
140000000158;2014;TABOAO DA SERRA;SP;41;M;1;2004;1;1;3;;;;;0;D
140000000159;2014;RECIFE;PE;34;F;1;2004;1;1;3;;;;;0;B
140000000160;2014;MARINGA;PR;26;M;1;2009;1;1;3;538.2;610.2;439;570.5;500;H
140000000161;2014;OSASCO;SP;27;F;1;2004;1;1;1;;;;;0;C
140000000162;2014;BELEM;PA;37;F;1;2004;2;1;3;;;;;0;J
140000000163;2014;SAO PAULO;SP;26;F;1;2009;1;1;3;467.9;539.2;495.3;338.9;580;H
140000000164;2014;BRASILIA;DF;27;F;4;;;;3;;;;;0;B
140000000165;2014;JOAO PESSOA;PB;22;F;1;2011;2;2;3;509.2;601;531.9;499.6;767;F
140000000166;2014;MONTES CLAROS;MG;18;F;1;2013;1;1;1;552.2;603.2;560.7;606.8;440;G
140000000167;2014;UBERLANDIA;MG;34;F;1;2004;1;1;1;;;;;0;B
140000000168;2014;DOURADOS;MS;21;F;1;2010;1;1;3;;;;;0;C
140000000169;2014;PORTO VELHO;RO;17;M;2;;1;1;3;428.7;518;556.6;387;460;C
140000000170;2014;SALVADOR;BA;25;M;1;2008;1;1;2;413.3;616.6;546.5;461.1;620;C
140000000171;2014;BELO HORIZONTE;MG;33;F;1;2004;1;1;3;;;;;0;F
140000000172;2014;SERRA;ES;25;M;1;2007;1;1;3;605.6;627.5;551.9;467.7;560;C
140000000173;2014;SAO PAULO;SP;17;M;3;;;;2;;;;;0;B
140000000174;2014;SAO PAULO;SP;18;M;1;2013;1;1;1;538.6;566.7;500;553.6;440;H
140000000175;2014;CANDEIAS;BA;25;F;1;2008;1;1;1;;;;;0;C
140000000176;2014;SAO GONCALO;RJ;18;F;1;2013;2;1;1;514.1;558.8;565.2;484.1;540;J
140000000177;2014;ITABUNA;BA;34;F;1;2004;2;1;1;;;;;0;C
140000000178;2014;TERESINA;PI;49;F;1;2004;1;1;3;494.8;498;529.5;332.7;460;C
140000000179;2014;CAMPINA GRANDE;PB;33;F;1;2004;1;1;3;379.8;505.4;476;351.6;260;B
140000000180;2014;CAMPO GRANDE;MS;26;F;1;2005;1;1;3;;;;;0;C
140000000181;2014;RIO DE JANEIRO;RJ;22;M;1;2008;1;1;1;;;;;0;I
140000000182;2014;JAPERI;RJ;19;F;2;;1;1;2;;;;;0;B
140000000183;2014;BLUMENAU;SC;32;M;2;;1;2;1;;;;;0;C
140000000184;2014;SAO PAULO;SP;17;M;2;;1;1;2;405.9;538.5;536.7;493.8;480;C
140000000185;2014;FORTALEZA;CE;28;F;1;2004;2;1;3;;;;;0;G
140000000186;2014;RIBEIRAO PRETO;SP;26;F;4;;;;1;;;;;0;D
140000000187;2014;JOAO PESSOA;PB;21;F;1;2012;1;2;1;449.1;557.7;451;395.7;400;B
140000000188;2014;JUIZ DE FORA;MG;21;M;1;2012;1;1;1;476.5;604.7;571.7;480.7;380;G
140000000189;2014;SALVADOR;BA;22;M;1;2012;1;1;1;637.9;690.9;658.8;681.2;700;C
140000000190;2014;JUAZEIRO DO NORTE;CE;28;M;1;2004;1;1;2;464.8;535.2;509.1;437.4;540;C
140000000191;2014;CARIACICA;ES;21;F;1;2011;1;1;1;;;;;0;D
140000000192;2014;MACAPA;AP;34;F;1;2004;1;1;3;567.3;552.9;518.8;630.6;620;G
140000000193;2014;CAMPO LIMPO PAULISTA;SP;19;F;1;2012;1;1;1;539.6;635.8;582.1;569.4;600;E
140000000194;2014;SALVADOR;BA;38;F;1;2004;1;1;2;547.6;623.8;582.2;541.7;500;C
140000000195;2014;BRASILIA;DF;30;F;1;2004;1;1;4;;;;;0;C
140000000196;2014;SALVADOR;BA;17;F;2;;1;1;3;565.4;587.5;549.1;644.7;460;B
140000000197;2014;MONTES CLAROS;MG;24;F;1;2007;1;1;3;602;667.1;601.4;444.2;740;B
140000000198;2014;JOINVILLE;SC;19;M;1;2013;2;1;1;;;;;0;G
140000000199;2014;BETIM;MG;19;F;1;2013;1;1;1;498.2;556.2;562;523.5;660;G
140000000200;2014;SAO PAULO;SP;19;F;1;2012;1;1;1;455.9;588.5;531.1;565;500;E
140000000201;2014;BELEM;PA;49;M;1;2004;1;1;3;542.1;601.5;526.7;495.1;400;B
140000000202;2014;PORTO ALEGRE;RS;36;M;1;2004;1;1;1;;;;;0;D
140000000203;2014;NATAL;RN;20;F;1;2010;1;1;3;423.1;421.3;;;0;D
140000000204;2014;FOZ DO IGUACU;PR;18;F;1;2012;2;1;3;573.2;594.9;578.3;541.8;680;H
140000000205;2014;VITORIA DA CONQUISTA;BA;32;F;1;2004;1;1;3;;;;;0;C
140000000206;2014;RIO DE JANEIRO;RJ;22;M;3;;;;2;345.4;374.4;;;0;B
140000000207;2014;RECIFE;PE;21;M;1;2009;1;1;2;594;662.1;638.1;544.1;860;E
140000000208;2014;DIVINOPOLIS;MG;31;F;1;2004;1;1;3;;;;;0;C
140000000209;2014;ITABORAI;RJ;25;F;1;2008;1;1;1;469.9;433.9;454.4;349.6;720;D
140000000210;2014;MACEIO;AL;17;F;2;;1;1;2;514.7;609.4;557.1;566.6;620;B
140000000211;2014;BOA VISTA;RR;27;M;1;2010;1;2;3;;;;;0;C
140000000212;2014;VILA VELHA;ES;25;M;1;2006;1;1;2;501.1;566.7;540.7;640.6;600;E
140000000213;2014;SAO PAULO;SP;28;M;1;2004;1;1;2;;;;;0;D
140000000214;2014;ABREU E LIMA;PE;21;M;1;2010;1;1;3;561.8;533.4;571.7;596.7;600;C
140000000215;2014;BRASILIA;DF;22;M;4;;;;3;;;471.1;433.4;440;C
140000000216;2014;DIADEMA;SP;18;M;1;2013;2;1;3;594.5;637.9;594.5;579.6;560;K
140000000217;2014;OLINDA;PE;16;M;3;;;;0;422.9;582.1;415.2;658.4;280;G
140000000218;2014;SANTO ANTONIO DE JESUS;BA;21;M;1;2010;2;1;3;508.5;578;489.4;577.7;640;N
140000000219;2014;SALVADOR;BA;18;F;1;2013;1;1;3;524.4;529.1;486.2;496.5;520;B
140000000220;2014;UBERLANDIA;MG;34;F;1;2004;1;1;1;494.4;457.2;516.8;421.6;400;B
140000000221;2014;SAO PAULO;SP;31;F;1;2004;1;1;1;;;;;0;G
140000000222;2014;JOAO PESSOA;PB;55;F;1;2004;1;1;3;483.2;445.8;441.7;388.4;440;C
140000000223;2014;SALVADOR;BA;50;M;1;2004;1;1;3;;;;;0;A
140000000224;2014;SAO JOSE DO RIO PRETO;SP;23;M;4;;;;3;;;;;0;B
140000000225;2014;CAMPO LIMPO PAULISTA;SP;20;M;1;2011;1;1;3;472.7;605.5;571.7;617.8;660;B
140000000226;2014;NITEROI;RJ;36;M;1;2004;2;1;1;;;;;0;B
140000000227;2014;VIAMAO;RS;18;F;1;2013;1;1;3;442.2;580.1;537.1;348.1;740;C
140000000228;2014;CANOAS;RS;25;F;1;2007;1;1;1;603.5;664.2;621.6;560.1;740;D
140000000229;2014;SALVADOR;BA;23;M;1;2013;1;1;3;503.9;590.7;551;356.3;340;C
140000000230;2014;SAO PAULO;SP;25;F;4;;;;1;;;;;0;D
140000000231;2014;SANTA BARBARA D OESTE;SP;23;M;2;;1;2;2;;;;;0;C
140000000232;2014;VARGINHA;MG;25;M;4;;;;1;;;;;0;D
140000000233;2014;BRASILIA;DF;21;F;1;2011;1;1;3;;;;;0;C
140000000234;2014;VITORIA DA CONQUISTA;BA;28;F;1;2005;1;1;4;587.4;601.6;570.4;472.8;640;D
140000000235;2014;MANAUS;AM;40;M;1;2004;1;1;3;;;;;0;B
140000000236;2014;RIO DE JANEIRO;RJ;38;M;1;2013;2;1;3;472.6;539.2;426;381.5;360;E
140000000237;2014;PORTO ALEGRE;RS;23;M;3;;;;1;361.7;367.7;466.6;429.8;0;E
140000000238;2014;MANAUS;AM;26;F;1;2005;1;1;1;503;419.9;516.1;406.2;640;I
140000000239;2014;MANAUS;AM;30;M;1;2004;1;1;1;;;;;0;F
140000000240;2014;MARACANAU;CE;24;F;1;2007;1;1;4;574.1;639.1;592.8;551.1;760;C
140000000241;2014;GARANHUNS;PE;33;F;1;2004;1;1;4;;;;;0;B
140000000242;2014;JOAO PESSOA;PB;23;M;1;2011;1;2;1;349.2;386.4;481.6;389.7;320;C
140000000243;2014;SALVADOR;BA;20;M;1;2010;1;1;3;418.2;512.9;510.2;631.1;540;B
140000000244;2014;SALVADOR;BA;18;F;2;;1;1;3;465.3;505.4;520.5;420.4;800;B
140000000245;2014;FORTALEZA;CE;16;F;3;;;;1;502.4;597.6;602.1;369.9;440;D
140000000246;2014;CARPINA;PE;21;F;1;2013;1;1;3;453.9;415.3;494.9;447.2;260;B
140000000247;2014;SALVADOR;BA;23;F;1;2009;1;2;3;565.3;567.6;560.3;589.1;320;B
140000000248;2014;CURITIBA;PR;34;M;4;;;;1;;;;;0;G
140000000249;2014;APARECIDA DE GOIANIA;GO;24;F;1;2008;1;1;1;512.7;606.1;564.5;508.7;520;C
140000000250;2014;FEIRA DE SANTANA;BA;25;F;1;2009;1;1;3;;;;;0;B
140000000251;2014;SAO PAULO;SP;21;F;1;2011;1;1;1;;;;;0;C
140000000252;2014;CAMPINA GRANDE;PB;33;M;1;2004;2;1;1;591.5;604.8;532.7;651.5;520;B
140000000253;2014;SAO PAULO;SP;18;F;1;2013;2;1;4;458.9;475.8;523.8;388;620;J
140000000254;2014;SAO PAULO;SP;23;M;1;2009;1;1;3;;;;;0;H
140000000255;2014;PINHAIS;PR;24;F;4;;;;3;439.9;531.6;;;0;B
140000000256;2014;SOBRAL;CE;20;M;1;2011;1;1;1;561.1;618.4;586.9;609.1;580;B
140000000257;2014;FORTALEZA;CE;23;M;1;2013;1;2;3;488.5;577.5;598.2;461.1;460;B
140000000258;2014;ITABUNA;BA;54;F;1;2011;1;1;3;479.4;477.9;357.8;369.7;0;B
140000000259;2014;FEIRA DE SANTANA;BA;22;M;1;2011;1;1;3;536.5;665.6;618.8;547;920;B
140000000260;2014;DIADEMA;SP;26;M;1;2013;1;2;2;387.5;582.8;453;398.3;540;B
140000000261;2014;SAO CARLOS;SP;26;F;1;2005;2;1;4;654.1;703.2;672.3;870.1;760;O
140000000262;2014;CAMPO GRANDE;MS;36;F;1;2004;1;1;3;;;;;0;B
140000000263;2014;BRASILIA;DF;27;F;1;2006;1;1;1;;;;;0;C
140000000264;2014;BOA VISTA;RR;44;F;4;;;;2;516;569;451.6;400.8;360;C
140000000265;2014;JUAZEIRO DO NORTE;CE;17;M;3;;;;1;532.3;625;577.9;530.8;740;C
140000000266;2014;MOSSORO;RN;21;F;4;;;;1;480.6;524.5;447.5;457.5;400;B
140000000267;2014;RIO CLARO;SP;23;F;1;2009;1;1;1;421.8;550.2;596.8;485.7;560;B
140000000268;2014;SAO JOAO DE MERITI;RJ;20;F;1;2011;2;1;1;435.4;506.4;519.6;375.7;620;E
140000000269;2014;PORTO ALEGRE;RS;54;M;1;2004;1;1;1;634.2;732.8;626.4;725.3;680;P
140000000270;2014;MACEIO;AL;27;F;3;;;;3;423.3;497;375;348.8;0;B
140000000271;2014;BELEM;PA;21;M;1;2013;1;1;3;;;;;0;C
140000000272;2014;VITORIA DE SANTO ANTAO;PE;19;F;1;2011;1;1;2;419.8;512.8;488.2;329.8;600;C
140000000273;2014;MACEIO;AL;18;M;1;2013;1;1;3;;;;;0;C
140000000274;2014;BRASILIA;DF;27;M;1;2006;1;2;2;493.8;557.3;480.5;361.6;400;D
140000000275;2014;FEIRA DE SANTANA;BA;18;F;3;;;;2;416.8;437.3;342;430.3;440;B
140000000276;2014;JABOATAO DOS GUARARAPES;PE;36;M;1;2004;1;1;0;653.5;606.2;563.9;728.8;380;E
140000000277;2014;RIO DE JANEIRO;RJ;35;F;1;2004;2;1;1;648.9;644.2;631.1;453.9;800;H
140000000278;2014;PAULISTA;PE;21;M;1;2012;1;1;2;641.8;704.9;664.8;798.8;780;G
140000000279;2014;CAMPO GRANDE;MS;24;M;1;2007;1;1;1;630.5;646.3;593.2;819.9;680;C
140000000280;2014;APARECIDA DE GOIANIA;GO;24;M;4;;;;3;433.3;535.8;438.3;370.2;500;E
140000000281;2014;IMPERATRIZ;MA;27;M;1;2005;1;1;3;457.9;639.7;590.2;547;600;F
140000000282;2014;OLINDA;PE;27;F;1;2012;1;1;3;508.1;592.5;526.1;608.6;400;B
140000000283;2014;BELO HORIZONTE;MG;20;M;1;2011;1;1;2;520;549;529.1;476;320;C
140000000284;2014;DIADEMA;SP;20;F;1;2012;1;1;1;497.9;624.7;585.7;588.8;400;G
140000000285;2014;BRASILIA;DF;39;M;1;2009;1;2;1;457.6;410.4;478.3;409.7;240;C
140000000286;2014;BRASILIA;DF;24;F;1;2011;1;2;3;452.5;571.6;482.3;427.1;260;C
140000000287;2014;PATOS;PB;20;M;1;2012;1;2;3;467.6;464.5;460.9;551.4;600;G
140000000288;2014;SAO PAULO;SP;45;M;2;;1;2;1;467.2;670.4;439.8;426.4;720;B
140000000289;2014;ALAGOINHAS;BA;48;M;1;2010;1;2;3;;;;;0;B
140000000290;2014;RIO DE JANEIRO;RJ;27;F;1;2004;2;1;1;628.5;642.4;649.9;635.3;680;Q
140000000291;2014;RIO CLARO;SP;18;M;1;2013;1;1;1;572.9;515.9;493.9;568.3;440;D
140000000292;2014;SANTOS;SP;33;M;1;2004;1;1;1;626.7;746.2;671.1;824.4;0;H
140000000293;2014;BRASILIA;DF;18;F;3;;;;3;;;;;0;B
140000000294;2014;MOGI GUACU;SP;17;F;2;;1;1;1;545.3;413.8;;;0;E
140000000295;2014;SALVADOR;BA;21;F;1;2011;1;1;3;491.7;519.3;538.7;465.2;600;B
140000000296;2014;PINDAMONHANGABA;SP;18;F;1;2013;2;1;1;746.1;713;683.4;878;920;J
140000000297;2014;JABOATAO DOS GUARARAPES;PE;28;M;1;2007;1;1;3;;;;;0;E
140000000298;2014;NATAL;RN;39;F;1;2004;1;2;1;542.7;583.4;527;341.7;700;D
140000000299;2014;LINHARES;ES;20;F;1;2013;1;1;2;;;;;0;F
140000000300;2014;PAULISTA;PE;43;F;1;2004;1;1;3;;;;;0;J
140000000301;2014;RECIFE;PE;19;F;1;2012;2;1;1;559;467;485.2;607.3;600;F
140000000302;2014;CAMPO GRANDE;MS;17;M;2;;1;1;1;415.8;558.5;491.5;471.4;440;C
140000000303;2014;MANAUS;AM;19;M;1;2013;1;1;3;399.2;469.1;484.1;370.7;380;F
140000000304;2014;NOVA IGUACU;RJ;17;F;2;;1;1;2;460.4;546.9;519.1;380.4;620;B
140000000305;2014;NOVA IGUACU;RJ;31;F;1;2009;2;1;1;424.4;533.3;482;410.8;0;B
140000000306;2014;BETIM;MG;36;F;1;2004;1;1;3;;;;;0;B
140000000307;2014;PALMAS;TO;29;F;1;2011;1;2;1;419.1;545.5;445.2;374.4;600;E
140000000308;2014;ITABIRA;MG;19;M;1;2013;2;1;1;644.8;659.9;614.3;632.8;780;P
140000000309;2014;FRANCISCO MORATO;SP;19;F;1;2012;1;1;1;407.1;376.3;;;0;E
140000000310;2014;PORTO VELHO;RO;43;F;1;2004;1;1;3;;;;;0;G
140000000311;2014;SAO PAULO;SP;18;F;1;2013;1;2;1;;;;;0;B
140000000312;2014;SAO PAULO;SP;20;F;4;;;;1;;;;;0;B
140000000313;2014;SAO PAULO;SP;15;F;3;;;;1;532.8;576.1;553.3;479.1;480;M
140000000314;2014;MONTES CLAROS;MG;33;F;1;2004;1;1;3;;;;;0;D
140000000315;2014;RIO BRANCO;AC;41;M;1;2004;1;1;3;418.1;598.5;576.6;489.4;760;C
140000000316;2014;OLINDA;PE;21;F;1;2011;1;1;4;;;;;0;C
140000000317;2014;CURRAIS NOVOS;RN;27;M;1;2007;2;1;1;490.8;532.3;525.8;385.6;480;C
140000000318;2014;CAMPO GRANDE;MS;19;M;1;2013;1;1;1;580.5;563.2;494.9;502.8;580;H
140000000319;2014;TERESINA;PI;19;F;3;;;;3;562.2;585.3;497.3;496.7;480;C
140000000320;2014;ANANINDEUA;PA;17;M;3;;;;3;;;;;0;B
140000000321;2014;FORTALEZA;CE;36;M;1;2004;2;1;1;;;;;0;D
140000000322;2014;CURITIBA;PR;20;F;1;2011;1;1;1;432;581.2;585.1;394.5;500;G
140000000323;2014;SAO BENTO DO SUL;SC;26;F;1;2005;2;1;1;571.8;647.4;629.9;748.6;820;D
140000000324;2014;ANAPOLIS;GO;18;F;3;;;;3;432.7;469.1;426.8;499.4;320;O
140000000325;2014;SAO PAULO;SP;20;M;1;2012;1;1;1;488.5;594.3;563.2;547.9;440;C
140000000326;2014;NATAL;RN;37;M;1;2004;1;1;4;;;;;0;C
140000000327;2014;SAO MATEUS;ES;27;M;4;;;;3;;;;;0;D
140000000328;2014;CURITIBA;PR;23;F;1;2011;1;2;1;;;;;0;D
140000000329;2014;RIO DE JANEIRO;RJ;23;M;1;2009;1;1;1;472.6;559.5;473.5;448;420;H
140000000330;2014;JOAO PESSOA;PB;19;F;1;2013;1;2;3;401.7;565.5;488.7;387.1;340;G
140000000331;2014;SAO CARLOS;SP;27;F;1;2004;1;1;1;482.3;596.4;541.6;464.7;500;F
140000000332;2014;OLINDA;PE;27;M;1;2004;2;1;3;536.8;579.1;567.6;677;560;B
140000000333;2014;CAXIAS DO SUL;RS;27;F;1;2007;2;2;1;;;;;0;F
140000000334;2014;MANAUS;AM;17;F;1;2013;1;1;1;546.1;592;510.3;473.8;540;D
140000000335;2014;CANOAS;RS;21;F;1;2012;1;1;2;;;;;0;E
140000000336;2014;SAO PAULO;SP;29;M;4;;;;3;;;;;0;C
140000000337;2014;JABOATAO DOS GUARARAPES;PE;20;F;1;2011;1;1;3;479.7;597.4;489.1;452;260;D
140000000338;2014;DUQUE DE CAXIAS;RJ;16;M;2;;1;1;3;509.3;547.4;492.3;388.4;520;B
140000000339;2014;SAO PAULO;SP;35;M;1;2004;1;1;3;562.8;658.9;603.9;426.9;520;F
140000000340;2014;SAO PAULO;SP;25;F;1;2007;1;1;2;;;;;0;C
140000000341;2014;RECIFE;PE;34;M;1;2004;2;1;3;652.2;591.2;581.7;750.4;560;D
140000000342;2014;GUARULHOS;SP;24;M;1;2007;1;1;3;;;;;0;B
140000000343;2014;BRASILIA;DF;34;M;1;2004;1;2;2;499;569;515.6;444.6;280;C
140000000344;2014;GOIANIA;GO;48;M;4;;;;2;;;;;0;C
140000000345;2014;FEIRA DE SANTANA;BA;16;F;2;;2;1;1;614.9;564.6;483.9;673;440;B
140000000346;2014;SAO JOAO DE MERITI;RJ;18;M;1;2013;2;1;2;523.9;575.9;545.7;490.8;500;M
140000000347;2014;SAO LUIS;MA;18;F;1;2013;2;1;3;561.2;636.2;607.2;527.9;760;O
140000000348;2014;OSASCO;SP;17;F;2;;1;1;1;435.4;526.8;484.4;459.6;480;C
140000000349;2014;CAMPINAS;SP;17;M;3;;;;3;;;;;0;D
140000000350;2014;SAO JOAO DEL REI;MG;21;F;1;2010;1;1;1;577.6;648.7;601;459.5;680;D
140000000351;2014;UBERLANDIA;MG;19;M;1;2012;2;1;3;;;;;0;I
140000000352;2014;RIO GRANDE;RS;24;F;1;2007;1;1;3;542;612;587.5;571;860;D
140000000353;2014;BELEM;PA;46;F;4;;;;3;423.5;502.2;461.1;385.6;560;B
140000000354;2014;CAMPO GRANDE;MS;17;M;1;2011;1;1;3;476.9;554.3;524.8;482.5;560;D
140000000355;2014;RIO DE JANEIRO;RJ;37;F;1;2004;2;1;3;395.6;631.7;399;423.7;660;D
140000000356;2014;RIO BRANCO;AC;23;M;4;;;;2;509.8;617.2;525.8;357;480;D
140000000357;2014;TIMON;MA;18;M;2;;1;1;1;424.7;377.2;357.4;349.5;0;B
140000000358;2014;MACAPA;AP;17;F;3;;;;3;;;;;0;B
140000000359;2014;SAO PAULO;SP;23;F;1;2010;1;1;1;;;;;0;C
140000000360;2014;CORONEL FABRICIANO;MG;24;F;1;2007;1;1;1;;;;;0;D
140000000361;2014;SALVADOR;BA;22;M;1;2013;1;2;2;;;;;0;B
140000000362;2014;RIBEIRAO DAS NEVES;MG;24;F;1;2007;1;1;3;482.4;624.7;537;423;480;C
140000000363;2014;JUIZ DE FORA;MG;36;M;4;;;;2;554.6;557.1;588.7;452.4;440;D
140000000364;2014;BELO HORIZONTE;MG;27;F;1;2008;1;1;2;370.3;464;527.8;431.6;500;H
140000000365;2014;JABOATAO DOS GUARARAPES;PE;57;F;1;2004;1;1;3;;;;;0;A
140000000366;2014;SOBRAL;CE;42;M;1;2004;1;1;3;366.1;440.7;422.2;373.4;240;B
140000000367;2014;PONTE NOVA;MG;36;M;1;2004;1;1;1;636.1;625.3;549;567.5;600;C
140000000368;2014;TERESINA;PI;19;F;1;2012;2;1;4;;;;;0;Q
140000000369;2014;SAO PAULO;SP;18;M;1;2013;1;1;3;360.8;459;378.9;418.8;200;B
140000000370;2014;PETROLINA;PE;26;F;1;2010;1;1;3;;;;;0;C
140000000371;2014;MARABA;PA;37;F;1;2004;1;1;2;428.3;524.6;424.3;449.5;260;J
140000000372;2014;PORTO ALEGRE;RS;37;F;1;2004;2;1;2;;;;;0;E
140000000373;2014;BRASILIA;DF;25;F;3;;;;3;404.4;554.1;;;0;E
140000000374;2014;JUAZEIRO DO NORTE;CE;22;M;1;2010;1;1;3;508.2;586.6;592.2;415.6;560;B
140000000375;2014;FORTALEZA;CE;25;F;1;2006;1;1;3;527.1;650.8;547.9;496.3;660;E
140000000376;2014;BELO HORIZONTE;MG;21;F;1;2010;2;1;1;682.9;695.6;652.1;708.9;800;G
140000000377;2014;CARUARU;PE;21;F;1;2012;1;1;1;512.4;621.1;557.6;468.1;360;E
140000000378;2014;SALVADOR;BA;20;F;1;2012;1;1;3;437.6;515.4;514.4;452.3;620;B
140000000379;2014;FORTALEZA;CE;17;F;2;;2;1;3;513.6;590.7;560.1;582.1;400;G
140000000380;2014;GOIANIA;GO;19;M;4;;;;3;477.4;558;495.5;487.3;520;C
140000000381;2014;SAO PAULO;SP;22;F;1;2010;1;1;4;653.8;680.2;621.3;474.9;800;H
140000000382;2014;RIO BRANCO;AC;31;F;1;2006;1;2;3;457.1;582.3;573.5;489.5;540;D
140000000383;2014;SAO PAULO;SP;21;F;1;2010;1;1;1;;;;;0;D
140000000384;2014;CAMPO GRANDE;MS;29;F;1;2006;1;1;1;;;;;0;C
140000000385;2014;JEQUIE;BA;41;F;1;2004;1;1;3;;;;;0;B
140000000386;2014;SAO ROQUE;SP;24;F;1;2008;1;1;1;504.5;651.3;569.3;396.8;560;D
140000000387;2014;FORTALEZA;CE;30;F;1;2004;2;1;2;498.2;565.1;555.3;335.8;400;C
140000000388;2014;SANTOS;SP;28;F;1;2008;1;1;2;;;;;0;F
140000000389;2014;ARACAJU;SE;26;F;4;;;;3;;;;;0;C
140000000390;2014;CURITIBA;PR;29;M;1;2004;1;1;1;;;;;0;K
140000000391;2014;DIADEMA;SP;23;M;1;2008;1;1;4;;;;;0;B
140000000392;2014;CARAPICUIBA;SP;38;M;4;;;;3;515.1;558.4;508.6;558.6;540;C
140000000393;2014;SAO PAULO;SP;40;F;1;2004;1;2;3;;;;;0;C
140000000394;2014;SAO PAULO;SP;21;F;1;2011;1;1;3;564.9;558.5;460;380.9;400;C
140000000395;2014;JABOATAO DOS GUARARAPES;PE;24;M;1;2010;1;1;2;;;;;0;C
140000000396;2014;BELEM;PA;29;M;1;2008;1;2;3;519.3;612.2;479.9;495.1;500;C
140000000397;2014;COXIM;MS;21;F;1;2013;1;1;3;478.2;531;508.2;374.1;320;C
140000000398;2014;RECIFE;PE;35;F;1;2004;1;1;1;;;;;0;E
140000000399;2014;BRASILIA;DF;24;M;1;2010;2;2;1;367.6;431.6;478.5;529.6;480;D
140000000400;2014;SALVADOR;BA;26;M;4;;;;3;525.6;578.6;545.5;343.1;600;F
140000000401;2014;PAULISTA;PE;16;F;2;;1;1;3;521.1;605.8;556.4;574.5;880;B
140000000402;2014;SALVADOR;BA;26;F;1;2007;1;1;2;;;;;0;B
140000000403;2014;CAMPO GRANDE;MS;26;M;4;;;;1;407.4;540.5;500.5;376.4;360;C
140000000404;2014;COLATINA;ES;17;F;2;;2;1;3;560.9;617.8;588.3;332.3;640;J
140000000405;2014;CABEDELO;PB;35;M;1;2004;2;1;4;532.6;625.4;593.5;601.3;240;D
140000000406;2014;SALVADOR;BA;18;F;1;2013;1;1;4;480.7;418.2;544.1;356.1;740;B
140000000407;2014;MATAO;SP;22;M;1;2009;1;1;1;455.3;563.6;545.5;523.5;360;D
140000000408;2014;SAO JOSE DOS CAMPOS;SP;25;M;1;2008;1;1;1;495;596.1;560;490.5;560;D
140000000409;2014;ALAGOINHAS;BA;18;F;1;2013;2;1;1;603.3;640.7;519.7;564.8;500;G
140000000410;2014;SAO BERNARDO DO CAMPO;SP;19;M;1;2013;1;1;3;473.4;566.5;580.7;496.6;620;D
140000000411;2014;RIO DE JANEIRO;RJ;33;M;1;2005;1;1;2;515.2;615.1;595.6;548.6;680;C
140000000412;2014;BRASILIA;DF;38;F;1;2004;1;1;1;;;;;0;D
140000000413;2014;RIO DE JANEIRO;RJ;33;M;4;;;;0;643.5;656.4;630.3;690.9;600;O
140000000414;2014;FLORIANOPOLIS;SC;18;F;3;;;;1;;;;;0;E
140000000415;2014;LONDRINA;PR;41;M;1;2004;1;2;1;479.8;681.3;599.3;407.8;640;E
140000000416;2014;SAO CARLOS;SP;26;M;1;2005;1;1;3;588.2;610.2;594.6;606.1;780;E
140000000417;2014;NATAL;RN;35;F;2;;1;2;5;;;;;0;B
140000000418;2014;ALTAMIRA;PA;28;M;1;2004;1;1;3;;;;;0;H
140000000419;2014;SERRA;ES;18;M;1;2013;1;1;3;544.9;610;527.9;601;420;D
140000000420;2014;SAO PAULO;SP;26;F;1;2006;1;1;2;;;;;0;B
140000000421;2014;MANAUS;AM;22;M;1;2010;2;1;1;491.5;541.3;509.3;425.8;520;D
140000000422;2014;SAO JOSE DOS PINHAIS;PR;27;F;1;2004;1;1;3;538.5;600.5;524.1;441.4;660;H
140000000423;2014;BRAGANCA PAULISTA;SP;24;F;1;2008;1;1;3;;;;;0;G
140000000424;2014;CURITIBA;PR;28;F;1;2004;1;1;1;453.8;608.8;602.4;673;720;B
140000000425;2014;UBERLANDIA;MG;23;M;1;2008;1;1;2;517;572.5;495.6;464.1;540;C
140000000426;2014;SALVADOR;BA;20;M;1;2012;1;1;3;420;617.4;557.9;423.3;560;E
140000000427;2014;NATAL;RN;23;M;1;2009;1;1;1;467.2;586.7;512.9;543;320;C
140000000428;2014;NATAL;RN;28;M;1;2011;1;2;3;;;;;0;C
140000000429;2014;SAO LUIS;MA;27;F;1;2005;1;1;1;483.1;589.9;592;448;520;D
140000000430;2014;DOURADOS;MS;21;M;1;2012;1;1;1;;;;;0;E
140000000431;2014;JOINVILLE;SC;21;M;1;2011;1;1;1;;;;;0;G
140000000432;2014;RECIFE;PE;20;M;1;2012;2;1;3;536.5;624.5;525;364.1;600;D
140000000433;2014;RIO DE JANEIRO;RJ;17;M;3;;;;2;579.4;615.9;614.6;595.5;580;D
140000000434;2014;PORTO ALEGRE;RS;22;F;3;;;;3;473;539.5;506;331.1;480;C
140000000435;2014;CONTAGEM;MG;20;F;4;;;;3;427.1;481.9;519.2;416.8;320;D
140000000436;2014;SANTA CRUZ DO SUL;RS;34;F;1;2004;1;1;1;;;;;0;F
140000000437;2014;BRASILIA;DF;27;F;1;2005;1;1;3;;;;;0;E
140000000438;2014;FORTALEZA;CE;27;F;1;2005;1;1;3;422.5;543.1;524.7;324.7;0;C
140000000439;2014;SAO LUIS;MA;18;F;2;;1;1;1;429.1;495.7;471.7;368.9;580;E
140000000440;2014;MACAPA;AP;17;M;2;;1;1;3;547.3;587.1;499.4;477.8;460;B
140000000441;2014;ITAPECERICA DA SERRA;SP;17;M;2;;1;1;1;528.1;561.8;544.8;639.5;580;F
140000000442;2014;LONDRINA;PR;29;M;1;2004;1;1;1;;;;;0;H
140000000443;2014;EUNAPOLIS;BA;38;F;4;;;;1;485.2;482.4;439;368.2;240;B
140000000444;2014;CASCAVEL;PR;50;F;4;;;;1;;;;;0;G
140000000445;2014;IMPERATRIZ;MA;21;F;1;2012;1;1;1;552.7;540;545.9;482.8;620;B
140000000446;2014;SALVADOR;BA;29;F;1;2004;1;1;3;514.5;637.7;569.5;507.7;700;D
140000000447;2014;BELO HORIZONTE;MG;21;F;1;2010;1;1;3;463.3;425.5;476.2;330.1;440;E
140000000448;2014;RECIFE;PE;18;F;1;2013;1;1;1;;;;;0;C
140000000449;2014;RIBEIRAO PRETO;SP;29;F;1;2004;1;1;1;;;;;0;H
140000000450;2014;VILA VELHA;ES;19;M;1;2013;2;1;3;618.5;660.6;504.9;543.4;740;Q
140000000451;2014;RIO GRANDE;RS;28;F;1;2004;1;1;1;450.5;550;559.7;475.2;560;C
140000000452;2014;BRASILIA;DF;35;F;4;;;;3;;;;;0;N
140000000453;2014;ITAQUAQUECETUBA;SP;22;M;1;2009;1;1;1;;;;;0;C
140000000454;2014;BELO HORIZONTE;MG;46;M;4;;;;3;535;607.7;562.7;548.8;600;F
140000000455;2014;BRASILIA;DF;22;M;1;2011;2;2;3;512.3;498.6;519.3;477.2;660;G
140000000456;2014;FOZ DO IGUACU;PR;26;F;3;;;;3;;;;;0;F
140000000457;2014;SAO PAULO;SP;33;M;1;2010;1;1;2;;;;;0;C
140000000458;2014;FORTALEZA;CE;21;F;1;2012;1;1;3;582;668.5;627.1;604.2;640;D
140000000459;2014;BRASILIA;DF;38;M;1;2004;1;1;3;;;;;0;B
140000000460;2014;FORTALEZA;CE;18;M;3;;;;5;458.3;506.7;468.2;520.8;360;B
140000000461;2014;CAMACARI;BA;19;F;1;2012;1;1;4;513.7;621;571.2;365.7;560;A
140000000462;2014;BRASILIA;DF;23;F;1;2012;1;1;1;455;582.7;575.3;484.3;600;D
140000000463;2014;VOLTA REDONDA;RJ;25;M;1;2008;1;2;3;;;;;0;B
140000000464;2014;DUQUE DE CAXIAS;RJ;20;M;1;2013;1;1;4;436.1;473.5;446.6;439;400;B
140000000465;2014;BELEM;PA;17;F;2;;1;1;0;506;539.3;519.6;396.4;320;B
140000000466;2014;SAO CAETANO DO SUL;SP;19;F;2;;1;1;3;370.8;609.2;577.2;380.8;640;F
140000000467;2014;SAO JOSE DOS CAMPOS;SP;19;M;1;2012;1;1;4;572;600.8;520.2;574;620;E
140000000468;2014;RIO DE JANEIRO;RJ;20;F;1;2012;1;1;3;;;;;0;B
140000000469;2014;MANAUS;AM;22;M;1;2009;1;1;3;587.8;668.6;602.2;517.7;700;C
140000000470;2014;BRASILIA;DF;23;F;1;2010;1;1;3;444;575.5;498.3;351.4;340;C
140000000471;2014;JUIZ DE FORA;MG;24;F;1;2008;1;1;1;;;;;0;C
140000000472;2014;IMPERATRIZ;MA;27;F;1;2005;1;1;3;496;548.7;431.8;439.4;360;E
140000000473;2014;BRASILIA;DF;26;F;1;2005;1;1;3;;;;;0;C
140000000474;2014;MACAPA;AP;26;M;1;2007;1;1;3;;;;;0;E
140000000475;2014;BRASILIA;DF;29;M;1;2004;2;1;2;493.3;632;;;0;D
140000000476;2014;CURITIBA;PR;45;M;4;;;;1;500.9;628.2;510.7;438.8;440;D
140000000477;2014;CURITIBA;PR;31;F;1;2004;1;1;1;;;;;0;B
140000000478;2014;CAMPINAS;SP;21;M;1;2011;1;1;1;517.8;564.4;521.1;473.1;360;D
140000000479;2014;BELO HORIZONTE;MG;24;F;1;2007;1;1;2;;;;;0;B
140000000480;2014;CAXIAS DO SUL;RS;19;F;1;2012;1;1;1;518.7;623.8;556.4;594.8;520;B
140000000481;2014;BRASILIA;DF;41;M;1;2004;1;1;3;;;;;0;D
140000000482;2014;CARIACICA;ES;17;F;1;2013;1;1;3;410.6;449.4;500.6;560.3;480;D
140000000483;2014;SAO PAULO;SP;24;F;3;;;;1;418.1;596.3;568.6;492.2;480;E
140000000484;2014;VITORIA DE SANTO ANTAO;PE;18;F;1;2012;2;1;3;426;554;494.3;440.3;320;B
140000000485;2014;JUIZ DE FORA;MG;24;F;1;2007;1;1;1;476.7;622.9;577.6;471.6;680;D
140000000486;2014;SAO PAULO;SP;19;M;1;2012;1;1;3;442.5;600.7;564.2;543.9;440;D
140000000487;2014;ARCOVERDE;PE;38;F;1;2004;1;1;3;535.5;573.8;527.7;537;520;D
140000000488;2014;GOIANIA;GO;21;F;1;2010;1;1;3;473.5;530.8;;;0;C
140000000489;2014;BAYEUX;PB;27;M;1;2008;1;1;1;567.9;560.3;519.5;450.3;600;B
140000000490;2014;GUARULHOS;SP;28;M;1;2004;1;1;1;435.8;490.7;498;336.9;560;C
140000000491;2014;BELEM;PA;32;M;3;;;;1;509.8;592.8;482.7;447.1;420;C
140000000492;2014;BELFORD ROXO;RJ;26;F;1;2005;1;1;2;448.5;610.3;556.8;398.1;340;D
140000000493;2014;DOIS VIZINHOS;PR;22;M;1;2011;1;1;1;;;;;0;H
140000000494;2014;FORTALEZA;CE;21;F;1;2010;2;1;3;;;;;0;B
140000000495;2014;VILA VELHA;ES;25;M;1;2006;1;1;1;;;;;0;F
140000000496;2014;SAO BERNARDO DO CAMPO;SP;17;F;2;;1;1;3;411.2;500.9;444.5;432.8;420;E
140000000497;2014;BLUMENAU;SC;17;F;2;;1;1;1;520.1;609.9;510.1;559.6;380;F
140000000498;2014;FORTALEZA;CE;32;M;1;2011;1;1;3;;;;;0;B
140000000499;2014;CANOAS;RS;22;F;1;2009;1;1;1;553.9;585;563.1;508.7;360;F
140000000500;2014;PINHAIS;PR;21;F;1;2010;1;1;1;393.5;488.7;519;505.1;580;C
140000000501;2014;JOINVILLE;SC;32;F;1;2004;1;1;1;354.6;550.8;470.5;450.1;620;C
140000000502;2014;RIO CLARO;SP;21;F;1;2011;1;1;1;410.9;496.8;402.2;369;260;B
140000000503;2014;SAO LUIS;MA;31;M;1;2004;1;1;3;424.7;548;467.6;410.1;720;C
140000000504;2014;CUIABA;MT;23;F;1;2009;1;1;3;432.5;538.6;;;0;C
140000000505;2014;PETROLINA;PE;17;F;3;;;;5;473.5;457.3;463.7;332.9;640;D
140000000506;2014;FORTALEZA;CE;25;F;1;2006;2;1;3;;;;;0;C
140000000507;2014;SANTO ANDRE;SP;18;M;1;2013;1;1;3;401.1;617.3;475.2;495.1;520;C
140000000508;2014;NOVA IGUACU;RJ;19;F;1;2013;1;1;3;490.8;547.7;537.5;438.6;620;C
140000000509;2014;SANTANA;AP;22;F;1;2011;1;1;1;501.2;547.8;440;450;760;B
140000000510;2014;PORTO ALEGRE;RS;18;F;1;2013;1;1;1;551.9;663.2;624.9;521.9;800;C
140000000511;2014;ILHEUS;BA;40;F;1;2009;1;1;3;544;415.7;377.9;362.3;300;D
140000000512;2014;ITABUNA;BA;33;F;1;2012;2;1;1;407.8;534.1;545.7;399.8;560;D
140000000513;2014;BELEM;PA;20;F;1;2013;1;1;1;435.1;505.5;493.9;446.4;460;H
140000000514;2014;QUEIMADOS;RJ;36;F;1;2004;2;4;1;;;;;0;B
140000000515;2014;SAO LUIS;MA;32;M;1;2004;1;1;3;507.4;589;516.8;505.4;320;C
140000000516;2014;UBERLANDIA;MG;16;M;3;;;;1;472.2;461.5;530.3;347.5;560;D
140000000517;2014;FEIRA DE SANTANA;BA;24;F;1;2009;1;1;3;509.6;493.5;443.6;345.5;240;B
140000000518;2014;VIAMAO;RS;23;M;1;2008;1;1;3;;;;;0;G
140000000519;2014;JOAO PESSOA;PB;27;M;1;2005;2;1;3;491.3;617.3;614.2;399.3;620;F
140000000520;2014;CONTAGEM;MG;25;F;1;2006;1;1;3;;;;;0;G
140000000521;2014;CUIABA;MT;21;M;1;2011;1;1;1;;;;;0;C
140000000522;2014;BELEM;PA;30;F;1;2004;1;1;1;;;;;0;C
140000000523;2014;VIAMAO;RS;28;F;1;2013;2;2;1;;;;;0;C
140000000524;2014;CUIABA;MT;27;F;1;2004;1;1;2;373.8;411.8;530.7;403.2;380;J
140000000525;2014;RIO DE JANEIRO;RJ;21;F;1;2010;1;1;3;453;572.6;499.7;357.6;360;B
140000000526;2014;RIO DE JANEIRO;RJ;35;F;1;2010;1;2;2;;;;;0;D
140000000527;2014;UBERLANDIA;MG;18;M;2;;1;2;1;;;;;0;D
140000000528;2014;MATAO;SP;20;M;1;2011;1;1;1;567.5;597.6;576.2;511;680;F
140000000529;2014;FEIRA DE SANTANA;BA;18;F;2;;1;1;2;465.3;511.4;514;477.5;560;B
140000000530;2014;SANTANA;AP;24;M;1;2009;1;1;3;436;545.1;485.2;387.5;380;G
140000000531;2014;NOVA IGUACU;RJ;42;F;1;2004;1;1;2;515.7;634.6;563.5;389.9;580;B
140000000532;2014;RECIFE;PE;32;M;1;2004;1;1;1;;;;;0;D
140000000533;2014;NATAL;RN;36;F;1;2004;1;1;1;;;;;0;B
140000000534;2014;RIO DE JANEIRO;RJ;30;F;1;2004;1;1;0;;;;;0;C
140000000535;2014;GUARAPUAVA;PR;21;F;1;2009;1;1;1;463.7;565.6;542.3;363.3;820;C
140000000536;2014;RECIFE;PE;42;M;1;2011;2;1;1;442.7;559.8;434.1;477.3;600;G
140000000537;2014;PAULISTA;PE;39;F;1;2004;1;1;1;;;;;0;C
140000000538;2014;ARAPIRACA;AL;20;F;1;2012;1;1;1;;;;;0;A
140000000539;2014;SERRA TALHADA;PE;17;F;2;;1;1;3;582.6;624.7;603;552.3;780;B
140000000540;2014;PASSO FUNDO;RS;27;M;1;2005;1;1;1;561.2;578.1;558.2;562.5;580;E
140000000541;2014;PAULISTA;PE;17;F;2;;1;1;2;404.9;568.7;474.6;419.7;320;B
140000000542;2014;CAMACARI;BA;26;M;1;2012;1;1;0;461.1;563.9;546.6;459.7;440;C
140000000543;2014;GUARULHOS;SP;19;M;4;;;;3;586.2;583.9;502.8;580.7;520;H
140000000544;2014;SAO PAULO;SP;17;M;2;;1;1;1;466.6;575.5;460;617.4;720;B
140000000545;2014;MACEIO;AL;33;F;1;2013;1;2;1;408.9;502.2;446;358.6;0;B
140000000546;2014;SOBRAL;CE;25;F;1;2009;1;1;1;;;;;0;B
140000000547;2014;CATALAO;GO;22;F;1;2012;1;1;3;;;;;0;B
140000000548;2014;BELEM;PA;18;F;1;2013;2;1;2;637.3;616.1;632.6;412.2;800;O
140000000549;2014;RIO DE JANEIRO;RJ;19;F;1;2013;1;1;1;454.6;560.2;548.2;521.9;420;G
140000000550;2014;SAO PAULO;SP;19;F;1;2012;1;1;3;545.1;585;593.3;426.5;520;C
140000000551;2014;PORTO ALEGRE;RS;26;M;1;2005;1;1;1;;;;;0;F
140000000552;2014;SAO LUIS;MA;18;F;1;2013;1;1;3;472.8;593.9;545.9;539;680;C
140000000553;2014;PAULISTA;PE;23;F;1;2009;1;1;3;;;;;0;B
140000000554;2014;RIO DE JANEIRO;RJ;20;F;3;;;;2;487.9;483.1;503.1;442.1;480;C
140000000555;2014;SAO PAULO;SP;17;M;2;;2;1;1;591.8;594;576.4;592.9;560;Q
140000000556;2014;SAO JOSE DOS CAMPOS;SP;18;F;1;2013;2;1;1;671.8;729.8;678.7;685.3;880;I
140000000557;2014;SAO JOSE DOS CAMPOS;SP;25;M;1;2006;2;1;1;676.9;721;641.2;870.7;860;G
140000000558;2014;SERTAOZINHO;SP;17;M;2;;1;1;3;542.4;531.5;546.2;547.6;600;C
140000000559;2014;TUCURUI;PA;39;F;1;2004;1;1;3;;;;;0;B
140000000560;2014;ITABUNA;BA;38;M;1;2004;1;1;3;531;581.9;484;413.5;420;B
140000000561;2014;POCOS DE CALDAS;MG;17;M;2;;1;1;1;553;614.9;599.5;638.6;560;G
140000000562;2014;FEIRA DE SANTANA;BA;31;M;1;2004;1;1;2;;;;;0;D
140000000563;2014;SEROPEDICA;RJ;23;F;1;2008;1;1;3;537.5;614.5;583.2;590.6;580;H
140000000564;2014;MARACANAU;CE;17;M;2;;1;1;3;606.4;580.7;602.1;605.3;720;B
140000000565;2014;BRASILIA;DF;28;F;1;2006;1;1;3;;;;;0;C
140000000566;2014;RECIFE;PE;17;F;3;;;;3;470.9;450.8;460.9;328.5;420;A
140000000567;2014;PORTO ALEGRE;RS;33;F;1;2004;1;1;1;510.1;653.7;528.1;573.1;520;E
140000000568;2014;QUIXADA;CE;48;M;3;;;;3;434.1;506.7;482.7;419.5;540;C
140000000569;2014;RIO DE JANEIRO;RJ;22;M;1;2010;1;1;3;411.2;545.7;475.3;414.1;480;D
140000000570;2014;BARUERI;SP;20;F;1;2010;1;1;3;;;;;0;D
140000000571;2014;RECIFE;PE;25;F;1;2007;1;1;3;499.3;486.1;414.7;327.3;540;C
140000000572;2014;LONDRINA;PR;20;M;1;2012;1;1;1;511.4;628.4;507.7;541.1;460;D
140000000573;2014;SAO PAULO;SP;31;M;4;;;;3;508.9;597.6;475;337.3;580;D
140000000574;2014;NATAL;RN;27;F;1;2008;1;1;3;;;;;0;C
140000000575;2014;ITABORAI;RJ;46;F;1;2004;1;1;1;;;;;0;G
140000000576;2014;SAO PAULO;SP;23;F;4;;;;4;;;;;0;D
140000000577;2014;TERESINA;PI;37;M;1;2004;1;1;3;;;;;0;C
140000000578;2014;PALMAS;TO;22;M;1;2010;1;1;3;442.3;420.2;479.7;383.4;280;B
140000000579;2014;RONDONOPOLIS;MT;33;F;3;;;;1;522.5;575.1;530.6;533.1;320;B
140000000580;2014;SAO PAULO;SP;19;F;1;2012;1;1;1;;;;;0;E
140000000581;2014;SAO JOAO DE MERITI;RJ;26;M;1;2006;1;1;1;540;627.7;562.3;509.7;640;D
140000000582;2014;SAO JOSE DOS CAMPOS;SP;31;M;1;2004;1;1;1;;;;;0;F
140000000583;2014;MACEIO;AL;34;M;1;2004;1;1;3;;;;;0;D
140000000584;2014;CAMPINA GRANDE;PB;28;M;1;2004;2;1;1;571.1;664.5;634.3;679.8;840;Q
140000000585;2014;RIO DE JANEIRO;RJ;22;M;1;2010;2;1;3;512.1;587.8;;;0;C
140000000586;2014;BELO HORIZONTE;MG;18;M;2;;1;1;3;495.4;516.2;471.2;474.3;500;B
140000000587;2014;CASTANHAL;PA;39;M;1;2004;1;1;3;489.2;572.2;498.2;423.9;480;B
140000000588;2014;SANTA LUZIA;MG;23;F;1;2008;1;1;3;606.8;697.7;616.8;562.2;800;O
140000000589;2014;SALVADOR;BA;28;M;1;2005;1;1;2;567;633.4;526.3;573;640;E
140000000590;2014;BRASILIA;DF;39;M;2;;1;2;1;;;;;0;F
140000000591;2014;FEIRA DE SANTANA;BA;31;M;1;2004;1;1;3;541.8;485.3;;;0;D
140000000592;2014;CRATO;CE;22;F;1;2009;1;1;3;;;;;0;C
140000000593;2014;ARARAQUARA;SP;30;F;1;2004;1;1;1;;;;;0;C
140000000594;2014;SALVADOR;BA;50;F;1;2004;2;1;1;558.9;624.7;561;467.2;720;H
140000000595;2014;SALVADOR;BA;25;M;4;;;;2;431.7;612.8;523.7;355.8;280;B
140000000596;2014;LONDRINA;PR;26;M;2;;1;1;1;552.6;549;;;0;G
140000000597;2014;PARNAIBA;PI;35;F;1;2011;1;2;3;386.1;489.3;543.9;434.3;360;B
140000000598;2014;MARACANAU;CE;18;M;2;;1;1;3;623.3;644.4;656.7;738.3;860;B
140000000599;2014;SAO LUIS;MA;20;F;1;2012;2;1;2;446;504.9;525.2;441.5;620;C
140000000600;2014;DUQUE DE CAXIAS;RJ;26;F;1;2006;1;1;3;488.2;569.5;511.1;377.9;300;C
140000000601;2014;VIANA;ES;32;F;1;2004;1;1;3;554;545.8;556;565.2;400;B
140000000602;2014;NATAL;RN;27;F;1;2005;1;1;3;466.7;563.1;509.6;415.3;380;B
140000000603;2014;CARIACICA;ES;45;M;1;2004;2;1;1;544.9;598.4;469.9;506.8;500;E
140000000604;2014;BELO HORIZONTE;MG;30;M;1;2004;1;1;1;612.1;638.9;625;664.2;760;E
140000000605;2014;SAO LUIS;MA;17;M;2;;1;1;1;551.8;618.8;556.3;469.8;700;C
140000000606;2014;CURITIBA;PR;22;F;1;2010;1;1;1;467.9;551;494.5;421.2;600;C
140000000607;2014;CANOAS;RS;26;F;1;2011;1;2;1;;;;;0;B
140000000608;2014;MANAUS;AM;23;F;1;2008;1;1;3;585.6;650.5;557.1;555.8;500;B
140000000609;2014;CASCAVEL;PR;36;M;4;;;;1;;;;;0;D
140000000610;2014;POA;SP;18;F;2;;1;1;3;464.2;528.5;542.3;368.3;420;D
140000000611;2014;SAO PAULO;SP;20;F;1;2013;1;1;1;387.6;378.3;340.1;477.4;500;E
140000000612;2014;SAO PAULO;SP;28;M;1;2006;1;1;1;;;;;0;C
140000000613;2014;SAO PAULO;SP;23;F;1;2008;1;1;1;541.4;593.8;553.5;521.1;640;C
140000000614;2014;ANANINDEUA;PA;23;F;1;2009;1;1;1;;;;;0;B
140000000615;2014;CORUMBA;MS;23;M;3;;;;3;437;408.7;378.1;434;260;G
140000000616;2014;SANTA LUZIA;MG;33;M;1;2004;1;2;3;;;;;0;C
140000000617;2014;BRASILIA;DF;19;F;1;2011;1;1;3;582.7;693.2;652.9;822.9;640;E
140000000618;2014;UBERABA;MG;21;M;1;2011;1;1;1;581.4;652.1;510.5;441.5;500;E
140000000619;2014;GRAVATAI;RS;18;F;1;2013;1;1;1;383.1;472.2;443.6;443;720;H
140000000620;2014;BELEM;PA;25;F;1;2007;1;1;3;485.1;542;510.4;481.6;400;C
140000000621;2014;MANAUS;AM;32;M;1;2004;1;2;3;;;;;0;B
140000000622;2014;GOIANIA;GO;19;M;3;;;;4;589.4;597.1;534.3;593.4;320;D
140000000623;2014;CRATO;CE;16;M;2;;1;1;3;395.8;550.5;484.7;546.5;400;B
140000000624;2014;PIRACICABA;SP;17;F;2;;2;1;1;603.1;669.8;685.6;676.9;760;M
140000000625;2014;PALMAS;TO;25;M;1;2013;1;2;3;542.4;650;;;0;C
140000000626;2014;PINDAMONHANGABA;SP;18;F;1;2013;1;1;1;477.3;626.2;586.7;430.5;720;K
140000000627;2014;ARAPIRACA;AL;18;F;1;2013;2;1;3;;;;;0;F
140000000628;2014;VIAMAO;RS;21;F;1;2012;1;1;1;;;;;0;G
140000000629;2014;OLINDA;PE;20;M;1;2012;1;1;0;575.7;617.2;467.3;518.4;460;C
140000000630;2014;SALVADOR;BA;19;F;2;;1;1;2;;;;;0;B
140000000631;2014;SALTO;SP;22;M;1;2009;1;1;0;537;551.8;484.7;610.3;0;D
140000000632;2014;SAO GONCALO;RJ;28;F;1;2004;1;1;2;436.2;550.1;447.2;432.1;560;C
140000000633;2014;RECIFE;PE;44;F;1;2004;1;1;3;474.3;419.3;434.6;405.8;300;B
140000000634;2014;RIO DE JANEIRO;RJ;16;F;3;;;;3;612.7;599.2;643.8;626.2;600;I
140000000635;2014;CAMPO GRANDE;MS;21;M;1;2010;1;1;3;539.1;589.5;553.7;447.2;460;B
140000000636;2014;FORTALEZA;CE;28;M;1;2013;2;2;3;573.2;602.7;583;664;460;B
140000000637;2014;BELEM;PA;28;F;1;2013;1;1;2;548.1;622.8;582.9;511;700;C
140000000638;2014;VOTORANTIM;SP;32;F;1;2004;1;1;3;445.6;594.7;518.9;368;500;C
140000000639;2014;RIO DE JANEIRO;RJ;18;F;1;2013;1;1;1;366.7;565.1;581.1;453.4;440;C
140000000640;2014;SAO PAULO;SP;40;F;1;2004;1;2;1;;;;;0;C
140000000641;2014;CASCAVEL;PR;18;M;1;2013;1;1;3;537.3;580.7;554.5;585.2;720;D
140000000642;2014;MANAUS;AM;20;F;1;2012;2;1;3;;;;;0;E
140000000643;2014;RIO DE JANEIRO;RJ;36;F;1;2004;1;1;2;;;;;0;F
140000000644;2014;SAO LUIS;MA;33;F;1;2004;1;1;3;464.1;509.8;529.6;501.9;380;C
140000000645;2014;BELEM;PA;35;F;1;2004;1;1;3;;;;;0;C
140000000646;2014;FOZ DO IGUACU;PR;24;M;1;2007;1;1;1;435.1;596.1;588.1;504;540;F
140000000647;2014;MARABA;PA;23;M;1;2009;1;1;3;;;;;0;C
140000000648;2014;TEOFILO OTONI;MG;18;F;1;2013;1;1;3;562.7;617;588.6;606.6;640;D
140000000649;2014;MOSSORO;RN;23;M;1;2010;1;1;3;360.9;536.6;477.2;510.4;340;A
140000000650;2014;ANANINDEUA;PA;28;M;1;2007;1;1;1;411;607.6;608.2;535.7;480;B
140000000651;2014;SALVADOR;BA;53;M;1;2004;1;1;1;;;;;0;G
140000000652;2014;RECIFE;PE;24;F;1;2008;1;1;3;468.8;510;469.6;422.9;280;B
140000000653;2014;JUAZEIRO DO NORTE;CE;20;M;1;2013;1;1;3;540.3;482.9;418.4;661.9;520;C
140000000654;2014;UBERABA;MG;15;M;3;;;;1;600.9;567.4;576.9;518.5;720;D
140000000655;2014;SAO PAULO;SP;35;M;4;;;;3;508.8;582.6;520.5;466.4;260;J
140000000656;2014;RIO DE JANEIRO;RJ;21;F;1;2013;2;2;1;;;;;0;H
140000000657;2014;EMBU DAS ARTES;SP;24;F;1;2007;1;1;3;;;;;0;D
140000000658;2014;RIO DE JANEIRO;RJ;21;M;1;2011;1;1;2;;;;;0;B
140000000659;2014;SAO JOSE DOS CAMPOS;SP;17;F;2;;1;1;1;511.3;542.9;536;448.7;660;D
140000000660;2014;PELOTAS;RS;32;M;1;2009;1;1;1;476.5;578.2;542.9;575.1;620;B
140000000661;2014;FEIRA DE SANTANA;BA;39;F;1;2004;1;1;2;;;;;0;B
140000000662;2014;CAMPOS DOS GOYTACAZES;RJ;17;F;3;;;;1;544;584;505.6;450.7;500;E
140000000663;2014;PORTO VELHO;RO;21;M;1;2010;1;1;1;532.9;613.4;516.3;549.2;780;B
140000000664;2014;JOAO PESSOA;PB;20;M;4;;;;4;;;;;0;B
140000000665;2014;ARAPIRACA;AL;19;F;1;2013;1;1;3;522.5;542.3;397.9;429;260;B
140000000666;2014;EMBU DAS ARTES;SP;22;F;1;2010;1;1;1;440.9;526;498.6;382.6;480;E
140000000667;2014;CARUARU;PE;22;M;1;2010;2;1;3;491.9;586.1;596.7;631.3;660;E
140000000668;2014;CARUARU;PE;35;M;1;2004;1;1;2;499;644.8;593.4;388;880;B
140000000669;2014;HORTOLANDIA;SP;18;F;1;2013;1;1;3;436.9;585;577;587.1;700;C
140000000670;2014;RIO DE JANEIRO;RJ;18;M;2;;1;1;1;502.9;637.3;555.3;538.8;720;D
140000000671;2014;PARA DE MINAS;MG;22;M;1;2011;1;1;3;567.2;591.8;579.1;601.4;640;E
140000000672;2014;ARAGUAINA;TO;25;F;1;2006;1;1;3;496.3;615.7;530.6;453.8;680;B
140000000673;2014;RECIFE;PE;17;M;3;;;;3;;;;;0;B
140000000674;2014;SANTO ANDRE;SP;22;F;1;2010;1;1;1;;;;;0;C
140000000675;2014;FORTALEZA;CE;23;M;1;2011;1;1;3;;;;;0;D
140000000676;2014;FEIRA DE SANTANA;BA;23;F;1;2008;2;1;3;;;;;0;G
140000000677;2014;ANAPOLIS;GO;19;F;1;2013;1;1;1;352.7;527.1;496.9;389.8;320;B
140000000678;2014;HORTOLANDIA;SP;18;F;1;2013;1;1;1;;;;;0;D
140000000679;2014;VOLTA REDONDA;RJ;20;F;1;2013;2;2;3;562.6;573.8;584.8;399.7;280;F
140000000680;2014;EUNAPOLIS;BA;39;M;1;2004;1;1;2;554.2;575.2;486.8;529.9;400;C
140000000681;2014;CACHOEIRO DE ITAPEMIRIM;ES;21;F;1;2010;1;1;3;;;;;0;F
140000000682;2014;SALVADOR;BA;34;F;1;2004;1;1;3;444.7;530;547.2;421.3;240;B
140000000683;2014;BELO HORIZONTE;MG;22;M;1;2009;1;4;1;516;634.7;600.5;591.2;760;E
140000000684;2014;FORTALEZA;CE;19;M;1;2013;1;1;3;413.5;557.2;521;441.5;560;C
140000000685;2014;FORTALEZA;CE;22;F;1;2009;1;1;3;;;;;0;C
140000000686;2014;JABOATAO DOS GUARARAPES;PE;35;M;1;2004;1;1;4;553.6;549.6;497.7;526;560;G
140000000687;2014;FORTALEZA;CE;19;F;4;;;;1;476.3;500.8;446.7;330.3;0;C
140000000688;2014;NATAL;RN;21;F;1;2010;2;2;1;;;;;0;C
140000000689;2014;ARACAJU;SE;16;M;3;;;;1;439.3;590.4;603.5;375.2;540;E
140000000690;2014;HORTOLANDIA;SP;30;M;1;2004;1;1;3;534.9;630.8;535.6;450.6;640;C
140000000691;2014;SALVADOR;BA;26;F;1;2008;1;1;3;;;;;0;F
140000000692;2014;SAO JOAO DA BOA VISTA;SP;18;F;3;;;;3;522.1;578.3;488.5;398.4;380;F
140000000693;2014;NATAL;RN;42;F;1;2004;2;1;1;598.6;617.8;578.5;586.1;580;C
140000000694;2014;CRATO;CE;19;F;1;2013;2;1;2;406.3;504.5;;;0;B
140000000695;2014;SAO LEOPOLDO;RS;29;M;1;2005;1;1;1;;;;;0;H
140000000696;2014;RIO DE JANEIRO;RJ;24;F;1;2012;1;2;4;;;;;0;B
140000000697;2014;NOVA IGUACU;RJ;26;F;1;2007;2;2;1;;;;;0;E
140000000698;2014;ARACAJU;SE;21;F;1;2011;2;1;5;549.3;595.4;471.8;500.3;760;C
140000000699;2014;SAO GONCALO;RJ;22;F;1;2010;1;1;3;;;;;0;F
140000000700;2014;MACEIO;AL;25;M;1;2008;2;1;1;463.1;586.1;567.1;413.7;640;D
140000000701;2014;GOIANIA;GO;21;F;1;2011;1;1;3;450.5;588.3;490.2;511.4;400;C
140000000702;2014;CASCAVEL;PR;26;F;1;2004;1;1;1;;;;;0;E
140000000703;2014;DIVINOPOLIS;MG;25;F;1;2007;1;1;1;;;;;0;E
140000000704;2014;SALVADOR;BA;44;M;1;2010;1;4;2;547.9;556.1;517.3;452.3;300;B
140000000705;2014;NATAL;RN;24;M;1;2009;2;1;3;468.4;382.8;463;341.5;320;G
140000000706;2014;SOROCABA;SP;18;M;1;2013;1;1;1;547;587.4;549.1;485.2;520;G
140000000707;2014;SANTA LUZIA;MG;26;F;1;2006;1;1;3;;;;;0;C
140000000708;2014;ARACAJU;SE;21;F;1;2010;2;1;1;597.8;608.5;611.7;660.4;640;J
140000000709;2014;SAO PAULO;SP;34;M;1;2009;1;1;3;;;;;0;F
140000000710;2014;RIO DE JANEIRO;RJ;23;M;1;2009;2;1;1;672.6;718.5;658.3;695.4;940;Q
140000000711;2014;EMBU DAS ARTES;SP;25;F;1;2007;1;2;3;;;;;0;C
140000000712;2014;TERESINA;PI;46;M;1;2013;1;1;3;596.6;626.7;502;417.3;500;B
140000000713;2014;RIO DE JANEIRO;RJ;22;M;1;2010;1;1;1;;;;;0;I
140000000714;2014;SAO CAETANO DO SUL;SP;32;F;2;;1;2;1;380.2;500.9;539.9;395.1;300;C
140000000715;2014;OLINDA;PE;37;F;1;2009;1;2;1;555.4;590;528;498.8;520;B
140000000716;2014;BELEM;PA;21;M;4;;;;1;383.9;615;491.3;541.6;520;K
140000000717;2014;GUARUJA;SP;20;F;1;2011;1;1;1;;;;;0;B
140000000718;2014;BRASILIA;DF;40;M;4;;;;3;493.9;546.9;495.6;389.7;560;E
140000000719;2014;COLATINA;ES;19;M;1;2012;1;1;3;541.3;590.8;471.5;421.4;560;C
140000000720;2014;MONTES CLAROS;MG;29;F;1;2004;1;1;2;;;;;0;C
140000000721;2014;NOVA IGUACU;RJ;26;F;1;2004;1;1;2;554.7;632.9;609.4;444.9;840;B
140000000722;2014;BELFORD ROXO;RJ;17;F;2;;1;1;3;478.8;581;540.1;477.3;0;C
140000000723;2014;NATAL;RN;19;F;3;;;;3;389.2;413.8;460.2;451.6;440;B
140000000724;2014;BRASILIA;DF;19;M;2;;1;2;3;424.3;550.6;;;0;F
140000000725;2014;MANAUS;AM;17;F;2;;1;1;3;547.2;586.2;558.5;433.2;560;I
140000000726;2014;RIO GRANDE;RS;18;F;1;2013;1;1;1;416.5;541.2;494.2;530.5;640;D
140000000727;2014;RIBEIRAO DAS NEVES;MG;24;M;4;;;;4;;;538.2;376;520;D
140000000728;2014;SANTA LUZIA;MG;35;F;1;2004;1;1;3;;;;;0;C
140000000729;2014;SAO PAULO;SP;30;M;1;2012;2;2;3;;;;;0;D
140000000730;2014;SAO PAULO;SP;22;F;1;2012;1;1;2;398.7;567;569;490.3;500;D
140000000731;2014;CAMBORIU;SC;22;F;1;2009;1;1;1;525.8;614.2;533.4;478.5;400;D
140000000732;2014;MACEIO;AL;44;M;1;2004;1;1;3;467.6;534.9;469.8;526;440;D
140000000733;2014;PELOTAS;RS;20;F;1;2011;1;1;1;586.2;611.4;528;621.7;620;H
140000000734;2014;SALVADOR;BA;20;F;2;;1;1;2;;;;;0;B
140000000735;2014;RECIFE;PE;16;F;3;;;;1;493.2;528.7;555.7;633.1;620;O
140000000736;2014;LUZIANIA;GO;21;F;1;2011;1;1;1;458.1;577.5;487;374.1;600;D
140000000737;2014;BELO HORIZONTE;MG;22;M;1;2010;1;1;2;740.3;692.4;639.7;833.7;760;B
140000000738;2014;ARACATUBA;SP;20;F;1;2010;1;1;3;467.1;558.4;524.3;335.6;280;C
140000000739;2014;GOIANIA;GO;20;M;1;2013;1;1;3;566.7;655.5;585.4;544.6;700;I
140000000740;2014;PARNAIBA;PI;37;M;4;;;;3;502.2;599.9;572.5;532;560;E
140000000741;2014;RIO DE JANEIRO;RJ;31;F;1;2004;2;2;1;;;;;0;G
140000000742;2014;CONTAGEM;MG;23;M;1;2009;1;1;3;606.8;613.1;503.7;754.9;720;N
140000000743;2014;MACEIO;AL;19;M;1;2013;1;1;3;406.1;576.2;381.9;471.8;380;B
140000000744;2014;MATAO;SP;20;M;1;2012;1;1;1;565.1;605.6;403.2;692.3;480;G
140000000745;2014;FRANCISCO MORATO;SP;33;M;4;;;;2;;;;;0;C
140000000746;2014;JOAO PESSOA;PB;29;M;1;2007;1;1;2;448.2;476;389.8;424.9;240;B
140000000747;2014;RIBEIRAO PRETO;SP;17;F;2;;1;1;1;438.7;623.9;567.4;498.8;560;H
140000000748;2014;PIRASSUNUNGA;SP;22;M;1;2010;1;1;1;507.1;599.1;570.5;574.8;420;B
140000000749;2014;BELO HORIZONTE;MG;19;F;1;2013;1;1;3;;;;;0;L
140000000750;2014;JOAO PESSOA;PB;32;F;1;2004;1;1;4;446.6;573.9;429.4;449.8;420;C
140000000751;2014;ARACAJU;SE;18;F;1;2013;1;1;3;540.4;641;601.8;395.8;600;C
140000000752;2014;OSASCO;SP;22;M;4;;;;3;530;579.8;503.6;631.6;320;J
140000000753;2014;MACEIO;AL;17;F;3;;;;1;559.1;562.1;578.8;459.1;560;B
140000000754;2014;BELEM;PA;41;M;1;2004;1;1;3;524;638;598.3;438.9;560;B
140000000755;2014;FORTALEZA;CE;34;F;1;2004;1;1;1;447.8;514.3;544.8;405.6;640;B
140000000756;2014;SAO LUIS;MA;31;F;1;2004;1;1;2;;;;;0;C
140000000757;2014;ANANINDEUA;PA;43;F;1;2012;1;2;1;466.4;590.9;500.9;431.3;320;C
140000000758;2014;MANAUS;AM;38;F;1;2004;1;1;3;;;;;0;B
140000000759;2014;JEQUIE;BA;19;F;1;2013;1;1;3;483.2;584.5;414.7;346.1;0;B
140000000760;2014;PORTO ALEGRE;RS;21;F;1;2010;1;1;1;562.9;568.3;507.6;437.9;380;D
140000000761;2014;SALVADOR;BA;23;M;1;2010;1;1;3;452.2;643.4;613.4;601.1;640;E
140000000762;2014;RIO BRANCO;AC;27;F;1;2005;1;1;3;389.9;560.6;499.1;404.2;540;C
140000000763;2014;NATAL;RN;23;M;1;2007;1;1;3;;;;;0;E
140000000764;2014;SANTO ANDRE;SP;23;M;1;2010;1;1;1;;;;;0;J
140000000765;2014;SAO MATEUS;ES;38;F;1;2004;1;2;3;476.9;541.9;510.6;549.9;440;D
140000000766;2014;GURUPI;TO;17;F;2;;1;1;3;593.6;597.5;557.5;374;720;B
140000000767;2014;MACAPA;AP;20;F;1;2013;1;1;2;;;;;0;B
140000000768;2014;RIO DE JANEIRO;RJ;18;F;2;;1;1;3;409.6;517.4;496.3;527;560;D
140000000769;2014;GUARUJA;SP;23;F;1;2012;1;2;1;;;;;0;D
140000000770;2014;RECIFE;PE;51;F;1;2004;1;1;1;497.2;582.6;557.5;397.7;420;C
140000000771;2014;SAO LUIS;MA;21;M;1;2011;1;1;1;544.3;596.6;539.9;450.5;680;B
140000000772;2014;SAO LUIS;MA;31;F;1;2004;1;2;3;395.2;531.2;489.1;367.7;360;C
140000000773;2014;BELO HORIZONTE;MG;21;M;1;2010;1;1;2;;;;;0;B
140000000774;2014;BOA VISTA;RR;18;M;2;;1;1;0;431;438.3;398.6;364.3;420;B
140000000775;2014;SALVADOR;BA;22;F;2;;1;2;2;496.9;553;566.5;421.4;400;A
140000000776;2014;PORTO ALEGRE;RS;20;M;1;2011;1;1;1;637.5;688.9;623.9;681;680;O
140000000777;2014;ARAGUARI;MG;20;F;1;2011;1;1;3;531.6;586;545.9;465.5;660;G
140000000778;2014;RECIFE;PE;22;F;1;2008;2;1;0;613.9;566.2;537.2;659.1;440;E
140000000779;2014;FLORIANOPOLIS;SC;21;M;1;2012;1;1;1;490.5;509.6;548.4;494.3;660;H
140000000780;2014;NOVA IGUACU;RJ;45;F;4;;;;3;;;;;0;L
140000000781;2014;CURITIBA;PR;24;F;1;2007;1;1;1;614.5;625.3;659.2;671.5;560;Q
140000000782;2014;MACEIO;AL;23;F;1;2009;1;1;1;367.8;465.3;459.8;411;440;E
140000000783;2014;PORTO VELHO;RO;20;F;1;2012;1;1;4;544.9;534.1;524.5;448.7;520;F
140000000784;2014;SERRA;ES;21;F;1;2010;1;1;2;455;523.9;476;389.6;420;C
140000000785;2014;FORTALEZA;CE;14;F;3;;;;1;446.6;545.5;509.4;393.5;720;F
140000000786;2014;ITABUNA;BA;19;F;1;2012;1;2;2;;;;;0;B
140000000787;2014;CURITIBA;PR;24;M;1;2009;1;1;1;547.9;631.4;;;0;G
140000000788;2014;PELOTAS;RS;20;F;2;;1;1;1;417.3;387;410.2;349;0;B
140000000789;2014;TUCURUI;PA;26;F;1;2006;1;1;3;;;;;0;C
140000000790;2014;UBERLANDIA;MG;28;F;1;2004;2;1;1;538.9;613;584.8;568.6;660;E
140000000791;2014;MARANGUAPE;CE;22;F;1;2011;1;1;1;519.5;587.3;576.3;450.7;620;B
140000000792;2014;NATAL;RN;23;F;1;2009;1;2;3;544.4;582.4;528.2;494.1;520;D
140000000793;2014;CAIEIRAS;SP;17;F;2;;1;1;3;475.4;494.9;537;393;720;F
140000000794;2014;FORTALEZA;CE;17;F;3;;;;1;583;608.9;564.6;725.2;940;Q
140000000795;2014;SAO PAULO;SP;19;F;1;2012;1;1;1;393;515.9;434;335.3;280;D
140000000796;2014;MANAUS;AM;25;F;1;2009;1;1;1;;;;;0;F
140000000797;2014;SOROCABA;SP;19;M;1;2012;1;1;1;;;;;0;C
140000000798;2014;ARARAQUARA;SP;30;M;1;2004;1;1;1;560.6;589.4;569.3;549.6;280;E
140000000799;2014;SAO PAULO;SP;24;M;1;2007;1;1;1;647.4;607.1;638.1;661;520;H
140000000800;2014;FORTALEZA;CE;22;M;1;2009;1;1;3;582.2;648.3;620;664.1;520;C
140000000801;2014;SINOP;MT;20;F;1;2011;1;1;3;439.9;536.9;524.1;325.9;560;B
140000000802;2014;GUARULHOS;SP;24;F;1;2009;1;1;3;430.3;556.3;444.5;378.8;520;C
140000000803;2014;CAMARAGIBE;PE;20;M;1;2013;2;1;3;364;570;;;0;Q
140000000804;2014;FORTALEZA;CE;23;F;1;2010;1;1;2;512.9;643;611.9;509.6;700;B
140000000805;2014;RIO GRANDE;RS;29;F;1;2004;1;1;1;378.6;537.3;543.2;379.7;440;C
140000000806;2014;BELEM;PA;26;F;1;2005;2;1;2;551.7;652;657.5;643.3;820;C
140000000807;2014;RESENDE;RJ;23;M;1;2008;1;1;3;589.1;598.8;571.5;598.8;640;G
140000000808;2014;ARACAJU;SE;22;M;1;2010;2;2;3;427.9;553.1;;;0;E
140000000809;2014;SALVADOR;BA;19;F;4;;;;3;511;445.5;589;430.4;480;K
140000000810;2014;BELFORD ROXO;RJ;25;F;1;2008;1;2;2;427.3;564.7;513.5;496.5;500;C
140000000811;2014;SALVADOR;BA;31;F;1;2004;1;1;3;524.2;561.4;482.6;376.7;500;B
140000000812;2014;RIO DE JANEIRO;RJ;17;F;2;;2;1;1;544.9;582.5;589.2;504.2;720;J
140000000813;2014;PALMAS;TO;29;M;1;2004;1;1;3;;;;;0;K
140000000814;2014;ARACAJU;SE;17;M;2;;1;1;2;568.7;612.1;595;576;680;B
140000000815;2014;CUIABA;MT;30;F;1;2007;1;2;3;453.7;545.2;516.1;430.1;460;D
140000000816;2014;PALMAS;TO;28;F;1;2004;1;1;3;;;;;0;C
140000000817;2014;FORTALEZA;CE;41;F;1;2004;1;1;1;534.9;589.3;515.6;414.1;500;B
140000000818;2014;TERESINA;PI;35;F;1;2004;2;1;3;;;;;0;G
140000000819;2014;SETE LAGOAS;MG;20;F;1;2012;1;1;3;376;467.4;370.9;413.1;400;G
140000000820;2014;CAMPO GRANDE;MS;21;F;1;2011;1;1;3;;;594.9;492.8;580;D
140000000821;2014;SAO GONCALO;RJ;19;F;1;2013;1;1;3;599.4;621.9;558;496;520;B
140000000822;2014;BRASILIA;DF;23;M;1;2010;1;1;3;456.8;577.2;544.6;461.3;640;D
140000000823;2014;PAULISTA;PE;17;F;2;;1;1;1;527.2;581;568.4;432.2;620;D
140000000824;2014;CANOAS;RS;26;F;1;2010;1;2;1;351;541.3;430.3;393.2;320;D
140000000825;2014;SALVADOR;BA;21;M;1;2012;1;1;3;;;;;0;C
140000000826;2014;SAO LUIS;MA;29;F;1;2004;1;1;3;532.2;594.7;422.4;410;540;F
140000000827;2014;BELEM;PA;36;M;1;2004;1;1;3;;;;;0;B
140000000828;2014;FEIRA DE SANTANA;BA;20;M;4;;;;1;424;500.1;498.8;444.5;480;C
140000000829;2014;MANAUS;AM;36;M;1;2004;1;1;1;594.8;600.3;530.5;605.5;500;D
140000000830;2014;SALTO;SP;22;M;1;2009;1;1;1;;;;;0;F
140000000831;2014;SALVADOR;BA;29;M;1;2005;1;1;2;504.5;551.1;489.5;374.7;320;C
140000000832;2014;SAO BERNARDO DO CAMPO;SP;19;M;1;2012;1;1;1;;;;;0;H
140000000833;2014;PORTO ALEGRE;RS;30;F;1;2004;1;1;1;;;;;0;H
140000000834;2014;RIO DAS OSTRAS;RJ;18;F;3;;;;3;533.7;610.4;568.2;645.7;360;D
140000000835;2014;PALMAS;TO;34;M;1;2004;2;1;3;;;;;0;D
140000000836;2014;TERESINA;PI;23;M;1;2008;2;1;3;452.1;597.9;579.7;425.6;800;G
140000000837;2014;BARUERI;SP;23;F;1;2011;1;2;2;381.9;457.9;;;0;B
140000000838;2014;RECIFE;PE;22;F;1;2009;1;1;1;;;;;0;D
140000000839;2014;CACAPAVA;SP;18;F;1;2013;2;1;3;443.8;452.9;513.9;442;460;C
140000000840;2014;CAMPOS DOS GOYTACAZES;RJ;23;F;1;2010;1;1;2;;;;;0;B
140000000841;2014;SANTO ANDRE;SP;19;F;1;2013;1;1;1;554.1;637.9;573.3;520.9;500;B
140000000842;2014;FORTALEZA;CE;41;M;1;2004;1;1;3;532.7;595.5;592;485.4;760;C
140000000843;2014;MAUA;SP;20;F;1;2012;1;1;1;;;;;0;C
140000000844;2014;LONDRINA;PR;19;F;1;2012;1;1;1;521.7;575.9;512.2;439.8;480;H
140000000845;2014;MACEIO;AL;37;F;1;2004;2;1;3;427.1;553.7;485.2;415.3;600;B
140000000846;2014;GOIANIA;GO;43;M;1;2004;1;1;3;541.3;660.8;642.1;423.7;600;G
140000000847;2014;MONTES CLAROS;MG;25;F;1;2006;1;1;0;;;;;0;C
140000000848;2014;PARNAIBA;PI;28;M;1;2005;1;1;2;473.7;424.8;414.9;427.3;0;C
140000000849;2014;PALMAS;TO;18;F;3;;;;3;511.3;658.3;553.3;601.9;580;D
140000000850;2014;BAYEUX;PB;20;F;1;2012;1;1;4;473;538.4;514.1;372.2;320;B
140000000851;2014;JUNDIAI;SP;18;M;1;2013;1;1;3;488.7;632.7;430.3;471.5;840;H
140000000852;2014;SAO PAULO;SP;18;F;2;;1;1;3;486.7;553.6;549.2;456.7;660;C
140000000853;2014;BRASILIA;DF;19;M;2;;1;1;2;425.6;546.3;425.3;492.9;480;B
140000000854;2014;FORTALEZA;CE;54;F;1;2011;1;2;3;410.3;443;483.9;405;720;B
140000000855;2014;BRASILIA;DF;24;F;1;2007;1;1;3;435.4;517.3;509.3;440.5;480;A
140000000856;2014;SALVADOR;BA;22;M;1;2010;1;1;3;;;;;0;C
140000000857;2014;CRATO;CE;33;M;1;2005;2;2;1;;;;;0;B
140000000858;2014;POCOS DE CALDAS;MG;17;M;2;;2;1;3;739.9;665.7;592.3;802.8;780;G
140000000859;2014;BARREIRAS;BA;35;F;1;2004;1;1;3;453.1;552.5;531.4;340.1;620;B
140000000860;2014;RIO DE JANEIRO;RJ;41;M;2;;1;2;3;;;;;0;D
140000000861;2014;RONDONOPOLIS;MT;17;M;2;;1;1;3;579.9;599.6;620;657.6;820;G
140000000862;2014;ASSIS;SP;20;F;1;2011;1;1;1;;;;;0;C
140000000863;2014;MOSSORO;RN;27;F;1;2004;1;1;3;565;583.7;557;464.6;620;D
140000000864;2014;FEIRA DE SANTANA;BA;21;M;1;2013;1;1;3;479.9;530.7;489.2;545.5;480;B
140000000865;2014;NITEROI;RJ;26;M;1;2006;1;1;1;;;;;0;C
140000000866;2014;SAO LOURENCO DA MATA;PE;30;F;1;2004;1;1;3;466;498.7;480;375.6;360;B
140000000867;2014;SALVADOR;BA;18;F;2;;1;1;2;450.8;497.9;529.2;482;320;B
140000000868;2014;BELEM;PA;47;F;1;2004;1;1;2;413.5;532.1;;;0;F
140000000869;2014;ANANINDEUA;PA;19;F;2;;1;1;2;493.5;606.9;569.2;434.8;360;E
140000000870;2014;SAO PAULO;SP;28;F;1;2004;1;1;1;544.2;613.4;580.7;530.4;560;D
140000000871;2014;ANANINDEUA;PA;19;F;1;2013;1;1;1;467;524.9;502.3;392.3;440;G
140000000872;2014;RIO DAS OSTRAS;RJ;24;F;1;2011;1;2;1;503.8;578;575.7;463.6;360;D
140000000873;2014;ITABIRA;MG;24;F;1;2008;1;1;1;520.2;587.6;;;0;C
140000000874;2014;SETE LAGOAS;MG;18;M;2;;1;1;2;592.5;622;586.9;749.1;760;C
140000000875;2014;SAO GONCALO;RJ;51;F;1;2004;1;1;1;503.2;605.3;518.9;425.3;560;D
140000000876;2014;SAO BERNARDO DO CAMPO;SP;23;F;1;2008;1;1;1;444.5;598.7;581.3;493;600;F
140000000877;2014;ITAPEVI;SP;22;M;1;2009;1;1;2;501.1;589.5;528.4;339;320;C
140000000878;2014;SAO PAULO;SP;32;F;1;2004;1;1;1;;;;;0;D
140000000879;2014;MACEIO;AL;21;M;1;2011;1;1;3;496.2;566.8;529;436.2;280;E
140000000880;2014;TIMON;MA;29;F;1;2004;1;1;2;;;;;0;B
140000000881;2014;EUNAPOLIS;BA;23;M;1;2010;1;1;2;582.2;609.2;567;459.2;780;B
140000000882;2014;BELO HORIZONTE;MG;25;M;1;2007;2;1;1;705.9;675.4;641.8;856.3;800;I
140000000883;2014;FRANCISCO MORATO;SP;23;M;1;2008;1;1;3;399.6;534.9;;;0;F
140000000884;2014;CAMPINAS;SP;43;M;1;2004;1;1;0;;;;;0;B
140000000885;2014;OSASCO;SP;22;F;1;2009;1;1;1;529.1;515.8;459.9;355.9;560;C
140000000886;2014;NATAL;RN;27;F;1;2004;1;1;1;;;;;0;B
140000000887;2014;UBERLANDIA;MG;43;F;1;2004;1;1;1;381;628;563.1;576.2;660;D
140000000888;2014;BELO HORIZONTE;MG;19;F;1;2012;1;1;1;452.2;559.6;592.3;554.5;540;B
140000000889;2014;RECIFE;PE;19;F;1;2011;2;1;1;743.9;699.2;644.2;828.2;820;Q
140000000890;2014;BELEM;PA;33;F;1;2004;1;1;3;;;;;0;I
140000000891;2014;SALVADOR;BA;33;M;1;2004;1;1;2;591.6;668.6;607.1;609.5;440;M
140000000892;2014;JABOATAO DOS GUARARAPES;PE;22;F;1;2009;1;1;1;408.4;579.4;;;0;C
140000000893;2014;CAMPO GRANDE;MS;34;M;1;2004;1;1;3;423.5;560.2;479.3;382.6;240;C
140000000894;2014;SAO JOSE DOS CAMPOS;SP;71;M;1;2006;1;2;1;;;;;0;E
140000000895;2014;BRASILIA;DF;21;F;1;2010;1;1;3;474;563.7;499.4;544.1;460;C
140000000896;2014;SOROCABA;SP;18;M;1;2013;1;1;3;446.6;540.8;585.9;563;380;D
140000000897;2014;URUGUAIANA;RS;27;F;1;2004;1;1;1;461;585.5;491.8;503.4;400;F
140000000898;2014;MACAPA;AP;16;M;3;;;;3;;;;;0;B
140000000899;2014;SAO MATEUS;ES;25;F;1;2006;1;1;3;478.2;577.7;583.6;569;460;C
140000000900;2014;MANAUS;AM;23;M;4;;;;3;390;620.1;540.4;402;620;B
140000000901;2014;OSASCO;SP;21;F;1;2010;1;1;3;539.2;585.6;555;469.3;600;B
140000000902;2014;UBERLANDIA;MG;26;M;1;2006;1;2;2;472.1;560.9;527.1;480.3;520;C
140000000903;2014;ANANINDEUA;PA;18;M;1;2013;1;1;3;601;667.9;567.1;511;600;B
140000000904;2014;BOA VISTA;RR;21;M;1;2012;1;1;2;;;;;0;C
140000000905;2014;SALVADOR;BA;40;M;1;2004;1;1;2;637.4;703.2;644.8;417;560;D
140000000906;2014;SAO PAULO;SP;25;F;4;;;;1;452.2;563.9;541.1;375.5;500;C
140000000907;2014;BELO HORIZONTE;MG;25;M;1;2012;1;2;3;455.2;467.4;461.9;367.1;460;B
140000000908;2014;CAMPO GRANDE;MS;24;M;1;2007;1;1;2;504.8;568.6;504.6;505.2;440;C
140000000909;2014;TOLEDO;PR;19;F;4;;;;1;;;;;0;B
140000000910;2014;CURITIBA;PR;27;F;1;2004;2;1;1;557;651.7;598.4;616.2;760;B
140000000911;2014;RIO DE JANEIRO;RJ;22;F;1;2011;1;2;4;545.5;417.5;472.5;387;520;B
140000000912;2014;SAO PAULO;SP;32;M;1;2012;1;2;1;534.3;493.2;438.1;448.5;400;C
140000000913;2014;BELO HORIZONTE;MG;48;F;4;;;;1;385.2;517;447;358.2;280;D
140000000914;2014;SAO PAULO;SP;17;F;2;;1;1;3;;;;;0;B
140000000915;2014;INDAIATUBA;SP;21;M;4;;;;1;375.2;484.8;547.9;539.4;500;I
140000000916;2014;TERESINA;PI;20;M;1;2012;1;1;2;;;;;0;B
140000000917;2014;BOA VISTA;RR;20;F;1;2011;1;1;3;469.2;513.5;465.8;410.2;520;D
140000000918;2014;ARUJA;SP;22;M;1;2011;1;2;1;456.5;587.6;559.9;476.5;520;F
140000000919;2014;BELEM;PA;21;M;1;2009;2;1;2;;;;;0;J
140000000920;2014;CONTAGEM;MG;24;M;2;;1;2;2;;;;;0;D
140000000921;2014;SAO GONCALO;RJ;18;F;1;2013;2;1;3;;;;;0;C
140000000922;2014;ARAGUAINA;TO;19;F;1;2012;1;1;3;570.5;635;548.6;584.7;560;B
140000000923;2014;SAO PAULO;SP;20;F;1;2011;1;1;3;502.3;568.1;535.8;371;440;C
140000000924;2014;FRANCO DA ROCHA;SP;17;F;2;;1;1;3;438.5;549.1;523.5;546.2;480;G
140000000925;2014;CUIABA;MT;43;F;1;2004;1;1;1;525.1;540.8;522.2;460.6;540;G
140000000926;2014;BRASILIA;DF;25;F;1;2006;2;1;3;;;;;0;Q
140000000927;2014;CAUCAIA;CE;19;F;1;2013;1;1;1;457.9;516.7;464.7;396.1;520;B
140000000928;2014;SAO CARLOS;SP;21;F;1;2011;1;1;1;;;;;0;D
140000000929;2014;SAO PAULO;SP;19;F;1;2012;2;1;2;;;;;0;C
140000000930;2014;LONDRINA;PR;31;M;1;2004;1;1;1;;;;;0;B
140000000931;2014;SOUSA;PB;26;M;1;2005;2;1;3;627.6;688.8;619.4;589.2;560;C
140000000932;2014;BRASILIA;DF;24;F;1;2008;1;1;3;;;;;0;D
140000000933;2014;SAO PAULO;SP;25;M;1;2007;1;1;2;490.3;583.1;555.2;471.6;460;C
140000000934;2014;OSASCO;SP;21;F;1;2010;1;1;3;562.5;652.8;588.6;609;520;E
140000000935;2014;TERESINA;PI;20;M;1;2012;2;1;1;606.1;630.1;611.5;673.2;720;M
140000000936;2014;BELEM;PA;23;M;1;2010;1;1;3;;;;;0;B
140000000937;2014;SAO GONCALO;RJ;17;F;1;2013;1;1;1;;;;;0;G
140000000938;2014;MARACANAU;CE;19;F;1;2013;1;1;3;516.7;567.2;562.5;365.8;600;G
140000000939;2014;RIO DE JANEIRO;RJ;19;M;1;2013;1;1;1;441;510.7;493.5;492.7;400;C
140000000940;2014;MONTES CLAROS;MG;19;M;1;2013;1;1;1;;;;;0;D
140000000941;2014;ITAJUBA;MG;19;F;1;2012;1;1;1;585.3;600.6;547.3;800;680;D
140000000942;2014;TABOAO DA SERRA;SP;22;F;1;2011;1;1;1;452.6;571;529.7;456.4;660;F
140000000943;2014;CONTAGEM;MG;28;F;1;2004;2;1;2;536.8;596.3;539.6;460.4;520;H
140000000944;2014;FORTALEZA;CE;37;F;4;;;;3;;;;;0;D
140000000945;2014;RIO DE JANEIRO;RJ;32;M;1;2004;1;1;2;;;;;0;O
140000000946;2014;JOAO PESSOA;PB;20;F;1;2013;1;1;1;;;;;0;B
140000000947;2014;ITATIBA;SP;31;F;1;2004;1;1;1;;;;;0;C
140000000948;2014;DUQUE DE CAXIAS;RJ;34;M;1;2004;1;1;2;468.8;530.6;530.9;468.3;320;D
140000000949;2014;CAMPINAS;SP;16;F;3;;;;1;671.2;702;647.1;763.5;720;F
140000000950;2014;FORTALEZA;CE;18;F;2;;1;1;3;596.5;721.3;604.4;655.9;720;F
140000000951;2014;BAURU;SP;23;M;1;2011;1;2;1;;;;;0;B
140000000952;2014;MARABA;PA;23;M;1;2013;1;2;3;445;534.6;476.9;448;620;F
140000000953;2014;CUIABA;MT;32;F;1;2012;1;2;3;497;547.4;491.7;373.7;400;C
140000000954;2014;SAO LUIS;MA;17;F;2;;2;1;1;447.8;567.7;544.2;589.6;680;C
140000000955;2014;GRAVATAI;RS;32;M;1;2004;2;1;1;544.3;522.5;399.3;636.2;720;G
140000000956;2014;CARIACICA;ES;22;M;4;;;;3;554.9;623.2;572.2;648.6;420;D
140000000957;2014;SANT ANA DO LIVRAMENTO;RS;21;M;1;2010;1;1;1;461;561.2;551.4;405.2;380;H
140000000958;2014;TERESINA;PI;27;F;1;2004;1;1;3;;;;;0;C
140000000959;2014;CONTAGEM;MG;20;F;1;2012;1;1;2;419.9;539.2;510.5;533.8;600;F
140000000960;2014;MARABA;PA;18;F;1;2013;1;1;3;471.2;436.2;377.9;339.1;400;C
140000000961;2014;SAO PAULO;SP;22;F;1;2012;1;1;2;426.2;550.5;484.6;462;420;E
140000000962;2014;AGUAS LINDAS DE GOIAS;GO;22;M;1;2010;1;1;3;394.3;532.8;471.8;425.4;0;B
140000000963;2014;JUAZEIRO DO NORTE;CE;20;F;1;2012;1;1;1;;;;;0;C
140000000964;2014;SAO PAULO;SP;27;M;1;2004;1;1;3;;;;;0;C
140000000965;2014;FORTALEZA;CE;32;F;1;2004;1;1;4;556.3;604.1;546.4;406.7;460;C
140000000966;2014;SOUSA;PB;20;F;1;2012;1;1;1;473.5;463.7;493.8;375.2;340;E
140000000967;2014;TATUI;SP;20;F;1;2011;1;1;1;532.5;521.6;544.7;345.8;680;E
140000000968;2014;BRASILIA;DF;20;F;1;2012;1;1;3;473.1;628.4;552.1;481.9;600;D
140000000969;2014;FRANCA;SP;25;M;1;2006;1;1;3;436.3;554.5;499;453.8;440;E
140000000970;2014;PRAIA GRANDE;SP;22;M;1;2010;1;1;3;432.4;592.6;590.1;480.6;640;E
140000000971;2014;CURITIBA;PR;23;F;1;2009;1;1;1;465.3;564.8;518.3;441.1;440;D
140000000972;2014;JI-PARANA;RO;23;M;1;2009;1;1;3;618;628;556;679.3;280;D
140000000973;2014;CURITIBA;PR;34;M;1;2004;1;1;3;;;;;0;E
140000000974;2014;SAO PAULO;SP;35;M;1;2004;1;1;1;;;;;0;I
140000000975;2014;FORTALEZA;CE;29;M;1;2004;1;1;3;454.4;587.8;560.6;488.6;580;F
140000000976;2014;VALINHOS;SP;24;F;1;2008;1;1;1;;;;;0;F
140000000977;2014;UBERABA;MG;20;F;1;2011;1;1;1;510.7;586.3;594.3;430.5;480;D
140000000978;2014;TERESINA;PI;26;M;1;2013;1;2;3;582;657;578.9;557.6;480;B
140000000979;2014;SANTA LUZIA;MG;21;F;1;2010;1;1;3;;;;;0;B
140000000980;2014;RIO DE JANEIRO;RJ;42;F;1;2004;1;1;3;453.4;562.6;541.7;437.1;600;E
140000000981;2014;FEIRA DE SANTANA;BA;22;M;1;2011;1;1;3;547.9;575.5;506.7;512.1;620;B
140000000982;2014;ARAUCARIA;PR;27;F;1;2004;1;1;1;531.6;606.3;;;0;I
140000000983;2014;BAYEUX;PB;30;M;1;2005;1;1;2;518.2;592.7;517.4;503.2;500;B
140000000984;2014;SALVADOR;BA;23;F;1;2009;1;1;2;;;;;0;B
140000000985;2014;MANAUS;AM;30;F;1;2004;1;2;3;;;;;0;B
140000000986;2014;BRASILIA;DF;27;F;1;2004;1;1;1;567.9;613.4;561.2;542.3;560;C
140000000987;2014;GUARUJA;SP;19;M;1;2012;2;1;1;595.7;596.4;570.5;594;540;J
140000000988;2014;BELO HORIZONTE;MG;32;M;1;2004;2;1;1;557.8;637.2;567.7;726.7;600;E
140000000989;2014;BARUERI;SP;20;F;4;;;;3;472.6;497.1;563.5;422.9;380;C
140000000990;2014;MOGI GUACU;SP;33;F;1;2004;1;1;1;;;;;0;D
140000000991;2014;CAXIAS;MA;35;M;1;2004;1;1;3;578.5;605.9;571.6;588.7;560;C
140000000992;2014;RECIFE;PE;22;F;1;2009;1;1;3;;;;;0;C
140000000993;2014;SAO PAULO;SP;21;F;1;2010;2;1;1;539.8;658.8;630.5;489.2;760;J
140000000994;2014;MESQUITA;RJ;33;M;1;2004;2;1;3;638;612.4;575.8;829.7;620;H
140000000995;2014;CAMPINA GRANDE;PB;26;F;1;2008;1;2;2;;;;;0;C
140000000996;2014;BRASILIA;DF;26;F;1;2010;1;2;3;;;;;0;D
140000000997;2014;FRANCA;SP;26;M;1;2007;1;1;1;;;;;0;D
140000000998;2014;JATAI;GO;19;M;1;2013;1;1;3;446;505;504.9;437.4;520;B
140000000999;2014;RIO DE JANEIRO;RJ;17;F;2;;1;4;3;484.4;556.8;579.6;419.1;600;D
140000001000;2014;NATAL;RN;45;M;1;2004;1;1;1;;;;;0;D
140000001001;2014;BRASILIA;DF;25;M;1;2009;1;2;1;483.7;550.9;495;498.4;440;E
140000001002;2014;SALVADOR;BA;38;F;1;2004;1;1;3;502.6;484.2;460.8;544.9;420;B
140000001003;2014;BELO HORIZONTE;MG;24;F;4;;;;2;394.5;549.7;432;393;480;F
140000001004;2014;MESQUITA;RJ;23;F;1;2008;1;1;3;577.3;605.9;557.9;520.2;540;C
140000001005;2014;SALVADOR;BA;17;F;3;;;;3;369.6;551.5;508.6;380.9;400;B
140000001006;2014;RECIFE;PE;28;F;4;;;;3;;;;;0;B
140000001007;2014;SAO PAULO;SP;24;F;1;2008;1;1;1;;;;;0;C
140000001008;2014;TUCURUI;PA;17;M;1;2013;1;1;3;488.4;574.1;419.3;393.7;520;C
140000001009;2014;RIO DE JANEIRO;RJ;27;F;1;2004;1;1;3;642.9;672.2;618.7;633.7;840;C
140000001010;2014;GUARULHOS;SP;20;F;1;2011;1;1;1;564.9;586.1;565.6;555.1;460;C
140000001011;2014;SALVADOR;BA;32;F;1;2004;1;2;0;361.8;542.2;466;462.4;400;B
140000001012;2014;LUZIANIA;GO;24;F;1;2009;1;1;2;;;;;0;B
140000001013;2014;SALVADOR;BA;32;F;2;;1;1;3;478.1;506.4;503.5;427.5;360;C
140000001014;2014;ITUIUTABA;MG;23;F;1;2013;1;2;1;486.2;616.2;506.2;365.6;480;B
140000001015;2014;CAMPINA GRANDE;PB;18;F;4;;;;3;;;;;0;B
140000001016;2014;ANAPOLIS;GO;25;F;4;;;;3;;;;;0;B
140000001017;2014;CURITIBA;PR;22;F;4;;;;1;;;;;0;E
140000001018;2014;SALVADOR;BA;26;F;1;2008;1;2;3;;;;;0;B
140000001019;2014;ANANINDEUA;PA;18;M;3;;;;3;415;444.5;506.4;383.7;360;A
140000001020;2014;MACEIO;AL;22;F;1;2009;1;1;1;;;;;0;B
140000001021;2014;FORTALEZA;CE;45;F;1;2004;1;1;3;520.2;580;495.8;488.7;460;C
140000001022;2014;CAMPINAS;SP;22;F;1;2009;1;1;3;;;;;0;G
140000001023;2014;VALPARAISO DE GOIAS;GO;22;F;1;2010;1;1;3;440.3;542.3;559.2;497.1;400;C
140000001024;2014;SUZANO;SP;22;M;1;2009;1;1;3;;;;;0;G
140000001025;2014;CORUMBA;MS;21;M;1;2013;1;1;3;567.3;602.8;574.1;708;660;I
140000001026;2014;CAMACARI;BA;20;F;1;2011;1;1;3;;;;;0;D
140000001027;2014;RIO DE JANEIRO;RJ;27;M;1;2004;1;1;1;;;;;0;C
140000001028;2014;PORTO VELHO;RO;18;M;2;;1;1;1;531;608.1;508;613.4;600;C
140000001029;2014;MANAUS;AM;22;M;1;2009;1;1;3;;;;;0;G
140000001030;2014;BELO HORIZONTE;MG;20;F;1;2011;1;1;1;464.6;629.6;551.4;498.6;500;D
140000001031;2014;SALVADOR;BA;36;F;1;2004;1;1;3;;;;;0;C
140000001032;2014;SAO PAULO;SP;19;F;1;2012;1;1;3;;;;;0;F
140000001033;2014;SAO PAULO;SP;25;M;1;2007;1;1;3;;;;;0;F
140000001034;2014;EMBU DAS ARTES;SP;19;F;1;2013;1;1;3;431.8;425.3;468.3;513.4;520;C
140000001035;2014;BRASILIA;DF;21;F;1;2010;1;1;3;393;509.3;499.8;419.8;420;D
140000001036;2014;SALVADOR;BA;31;M;1;2009;1;1;3;463.9;591;558.1;509.3;700;B
140000001037;2014;SALVADOR;BA;35;F;1;2004;1;1;2;;;;;0;H
140000001038;2014;SALVADOR;BA;29;F;1;2004;2;1;3;520.6;678.3;608.6;578.9;700;C
140000001039;2014;MAGE;RJ;18;M;2;;1;1;3;622.1;643.7;561.6;826.9;760;B
140000001040;2014;FORTALEZA;CE;44;F;1;2004;1;1;3;383.8;449.6;366.8;340.7;120;C
140000001041;2014;SALVADOR;BA;25;F;4;;;;1;410.8;564.4;;;0;B
140000001042;2014;FORTALEZA;CE;28;F;1;2010;1;2;1;500.2;553.6;529.7;361.6;300;E
140000001043;2014;BRASILIA;DF;21;M;1;2011;1;1;1;;;;;0;F
140000001044;2014;BRASILIA;DF;28;M;1;2004;1;1;3;;;490.2;399.6;340;C
140000001045;2014;CAMPO GRANDE;MS;18;M;1;2013;1;1;3;552.1;537.1;527.1;565.7;480;F
140000001046;2014;FORTALEZA;CE;27;M;1;2008;2;1;1;543.9;597.7;;;0;C
140000001047;2014;ARAGUAINA;TO;21;F;1;2009;1;1;2;435.6;501.7;512.2;409.3;340;D
140000001048;2014;BELO HORIZONTE;MG;20;F;1;2013;1;1;2;484.9;628.7;581;545.9;0;E
140000001049;2014;FEIRA DE SANTANA;BA;28;F;1;2004;1;1;3;492.6;605.6;618.6;434.7;560;B
140000001050;2014;ARAGUAINA;TO;22;F;1;2009;1;1;3;;;;;0;C
140000001051;2014;SALVADOR;BA;18;F;1;2013;1;1;3;;;;;0;C
140000001052;2014;NOVA IGUACU;RJ;21;M;1;2010;1;1;1;479;554.6;520.7;464.7;520;D
140000001053;2014;CAMPOS DOS GOYTACAZES;RJ;17;F;2;;1;1;1;463;517.5;507.8;500.6;580;E
140000001054;2014;SALVADOR;BA;33;F;1;2012;1;1;2;407.6;542.8;505.9;425.7;360;B
140000001055;2014;JUAZEIRO;BA;29;M;1;2004;1;1;2;510.6;591.9;580.3;599.1;600;I
140000001056;2014;SANTA LUZIA;MG;22;F;1;2013;1;1;3;501.5;526.4;423.5;393.4;440;H
140000001057;2014;SAO JOAO DE MERITI;RJ;19;F;1;2012;2;1;1;533.6;587;595.4;355.2;560;C
140000001058;2014;PORTO ALEGRE;RS;20;M;1;2012;1;1;1;466.3;516.5;533.9;392.7;400;C
140000001059;2014;RIO DE JANEIRO;RJ;18;F;2;;2;1;2;496.7;606;570;375;660;C
140000001060;2014;RIO DE JANEIRO;RJ;30;F;1;2004;1;1;3;438.2;601.8;505.5;505.6;540;B
140000001061;2014;FORTALEZA;CE;33;M;4;;;;3;;;;;0;B
140000001062;2014;RONDONOPOLIS;MT;34;M;4;;;;2;532.6;415.4;505.6;382.4;240;B
140000001063;2014;ALVORADA;RS;24;M;1;2009;1;2;1;;;;;0;G
140000001064;2014;BETIM;MG;32;M;4;;;;1;;;;;0;H
140000001065;2014;SALVADOR;BA;24;M;1;2008;2;1;1;583.8;637.6;626.1;647.8;720;B
140000001066;2014;SAO PAULO;SP;19;F;1;2012;1;1;2;587.6;661.9;601.2;544.9;600;G
140000001067;2014;SALVADOR;BA;23;M;1;2011;1;1;3;600.6;625.3;611;660.5;640;F
140000001068;2014;SAO GONCALO;RJ;19;M;1;2012;1;1;1;460.7;529.8;477.8;482.8;440;B
140000001069;2014;LONDRINA;PR;23;M;1;2009;1;1;1;405.6;569.2;547.9;463.5;440;C
140000001070;2014;OSASCO;SP;20;F;1;2012;1;1;5;487.4;551.2;560.3;473.8;560;J
140000001071;2014;BELO HORIZONTE;MG;19;F;2;;1;1;1;355.7;555.9;474.8;352.8;540;C
140000001072;2014;MARINGA;PR;21;F;1;2010;1;1;1;468.2;570.8;554;423.7;560;D
140000001073;2014;BELO HORIZONTE;MG;47;M;1;2004;1;1;3;538;643.3;583;524.5;520;C
140000001074;2014;SAO CARLOS;SP;21;M;1;2013;1;2;3;546.7;573.9;576.6;636.3;480;F
140000001075;2014;CAMPO GRANDE;MS;17;F;2;;1;1;3;453.6;559.7;528.5;548.5;840;E
140000001076;2014;BELO HORIZONTE;MG;29;M;1;2004;1;1;2;514.6;659.7;584.7;642.7;600;C
140000001077;2014;MARABA;PA;17;F;2;;1;1;1;424.2;447.5;411.3;343.1;200;B
140000001078;2014;BELO HORIZONTE;MG;20;F;1;2011;1;1;1;460.7;533.2;542.6;368.2;600;C
140000001079;2014;SALVADOR;BA;32;F;1;2004;1;1;1;572.6;632.1;572.8;428.6;600;E
140000001080;2014;CARUARU;PE;45;F;1;2004;1;1;3;441.7;575.2;469.6;430.1;580;B
140000001081;2014;ANGRA DOS REIS;RJ;21;M;4;;;;3;;;;;0;B
140000001082;2014;SAO LUIS;MA;18;M;3;;;;3;509.9;580.1;556.4;536.2;420;C
140000001083;2014;RIO DE JANEIRO;RJ;26;M;1;2009;1;1;2;457.2;539.8;462.9;375.7;440;C
140000001084;2014;RECIFE;PE;16;M;3;;;;2;529.1;575;486.5;417.5;520;B
140000001085;2014;CONTAGEM;MG;27;M;1;2009;1;2;3;486;603.1;582.7;553.3;360;H
140000001086;2014;APARECIDA DE GOIANIA;GO;19;F;1;2012;1;1;1;626.6;676.3;615.8;665.5;680;H
140000001087;2014;RONDONOPOLIS;MT;25;F;1;2008;1;1;2;524.8;602.3;567.4;519;580;D
140000001088;2014;SAO PAULO;SP;26;F;1;2009;1;2;3;;;;;0;C
140000001089;2014;IMPERATRIZ;MA;29;M;1;2004;1;1;3;426.1;591.9;530.5;611.3;480;C
140000001090;2014;VITORIA;ES;21;F;1;2010;1;1;3;;;;;0;D
140000001091;2014;SAO PAULO;SP;28;F;1;2006;1;1;1;;;;;0;C
140000001092;2014;FORTALEZA;CE;19;F;1;2013;2;1;1;630.9;678.2;369.4;669.6;920;G
140000001093;2014;RONDONOPOLIS;MT;23;F;4;;;;3;387.5;448.2;374.2;359.6;340;D
140000001094;2014;RECIFE;PE;19;M;1;2013;1;1;1;605.1;592.7;590.2;618.9;820;C
140000001095;2014;SALVADOR;BA;18;M;2;;1;1;2;374.4;529.5;522.4;426.7;200;C
140000001096;2014;BELEM;PA;19;F;1;2012;1;1;3;345.2;557.7;480.8;421.2;480;C
140000001097;2014;SAO PAULO;SP;17;F;3;;;;1;638.3;630.2;614.5;692.4;680;Q
140000001098;2014;SALVADOR;BA;22;F;1;2010;1;1;1;491;508.8;503;422.7;300;E
140000001099;2014;SAO JOSE DOS PINHAIS;PR;17;M;2;;2;1;1;487.2;587.4;593.5;412.8;540;D
140000001100;2014;SAO PAULO;SP;36;F;1;2004;1;1;3;;;;;0;C
140000001101;2014;RECIFE;PE;20;F;2;;1;1;1;;;;;0;I
140000001102;2014;PARANAVAI;PR;18;M;1;2013;2;1;3;571.2;626.8;552.9;729.9;660;E
140000001103;2014;SAO LUIS;MA;49;M;1;2004;2;1;5;;;;;0;G
140000001104;2014;FORTALEZA;CE;37;F;2;;1;2;3;360.2;556.1;454.6;421.1;400;B
140000001105;2014;CARAPICUIBA;SP;20;M;1;2012;2;1;1;;;;;0;G
140000001106;2014;BELO HORIZONTE;MG;20;M;1;2012;1;1;1;692.9;672;631.5;741.1;880;H
140000001107;2014;ITABORAI;RJ;19;F;2;;1;1;3;383.9;495.6;458.4;413.4;400;B
140000001108;2014;TRES RIOS;RJ;43;M;4;;;;3;;;;;0;C
140000001109;2014;NITEROI;RJ;42;M;1;2004;1;1;3;632.6;651.3;548.5;614.6;800;H
140000001110;2014;SAO PAULO;SP;18;F;1;2013;1;1;3;403.4;555;483.5;400;360;G
140000001111;2014;PARAGOMINAS;PA;28;F;1;2004;1;1;2;375.1;537.8;375.4;335.2;600;C
140000001112;2014;SALVADOR;BA;18;F;1;2013;2;1;2;452.3;562.8;567.5;485;600;C
140000001113;2014;MANAUS;AM;22;M;1;2010;1;1;3;;;;;0;C
140000001114;2014;RIO DE JANEIRO;RJ;18;M;3;;;;1;;;;;0;F
140000001115;2014;CURITIBA;PR;23;M;1;2008;1;1;1;;;;;0;I
140000001116;2014;GOIANIA;GO;19;F;4;;;;4;;;;;0;C
140000001117;2014;PORTO VELHO;RO;27;M;1;2005;1;1;3;546.2;621.4;565.6;601.2;560;D
140000001118;2014;GOVERNADOR VALADARES;MG;25;F;1;2011;1;2;3;559.9;572.7;595.7;475.1;600;B
140000001119;2014;SAO PAULO;SP;23;F;1;2008;1;1;1;;;;;0;D
140000001120;2014;SALVADOR;BA;45;F;1;2013;1;1;1;;;;;0;C
140000001121;2014;CABO FRIO;RJ;25;M;1;2006;1;1;1;609.6;630.4;592.2;535.4;640;P
140000001122;2014;FLORIANOPOLIS;SC;40;F;1;2009;2;2;1;;;;;0;C
140000001123;2014;BELO HORIZONTE;MG;23;M;1;2007;1;1;0;;;;;0;D
140000001124;2014;SAO JOSE;SC;19;F;1;2013;1;1;1;561;628.2;;;0;G
140000001125;2014;GOIANIA;GO;35;M;1;2004;1;1;2;559.8;579.1;511.1;494.2;560;F
140000001126;2014;ILHEUS;BA;31;M;1;2009;1;2;2;;;;;0;C
140000001127;2014;RECIFE;PE;30;F;1;2004;1;1;4;481;503.2;411.4;326.1;400;B
140000001128;2014;GOVERNADOR VALADARES;MG;21;F;1;2010;2;1;1;472.7;549.8;569;580.6;500;C
140000001129;2014;MOSSORO;RN;37;F;1;2004;1;1;1;400.1;501.7;317.2;352.8;240;B
140000001130;2014;JOAO PESSOA;PB;34;F;1;2004;1;1;2;481;603.8;560.8;522;660;C
140000001131;2014;CURITIBA;PR;18;M;2;;1;1;3;436.1;510.1;509.6;530.6;560;D
140000001132;2014;FORTALEZA;CE;22;F;1;2009;2;1;1;465.1;584.6;557.9;594.5;720;E
140000001133;2014;APARECIDA DE GOIANIA;GO;17;F;2;;1;1;3;419;558.4;507.6;334.8;280;C
140000001134;2014;SALVADOR;BA;23;F;1;2008;1;1;3;;;;;0;B
140000001135;2014;SANTA LUZIA;MG;24;F;1;2007;1;1;3;;;;;0;B
140000001136;2014;DUQUE DE CAXIAS;RJ;26;M;1;2010;1;4;3;370.9;453.3;363.1;459.8;134;C
140000001137;2014;GOIANIA;GO;29;M;1;2006;1;2;0;492.1;582.2;582.1;519.2;600;D
140000001138;2014;ARACRUZ;ES;23;M;1;2009;1;1;1;;;;;0;G
140000001139;2014;RIO DE JANEIRO;RJ;36;F;1;2010;1;2;3;435.1;578.8;527.1;445.1;560;C
140000001140;2014;PETROLINA;PE;19;F;1;2013;1;1;3;413.5;533.2;477.9;447.9;620;B
140000001141;2014;CONTAGEM;MG;44;F;1;2012;1;2;1;592.8;533.4;506.6;472.9;500;J
140000001142;2014;PORTO VELHO;RO;21;F;1;2012;1;1;3;422.2;542.8;476.9;399.5;580;D
140000001143;2014;FORTALEZA;CE;15;F;3;;;;1;443.7;515.5;504.6;330.3;500;J
140000001144;2014;CRICIUMA;SC;22;F;1;2009;1;1;1;546.7;611.4;548.8;547.3;580;C
140000001145;2014;SAO GONCALO;RJ;57;F;1;2011;2;4;3;457.6;603.5;588.9;387.7;560;D
140000001146;2014;SAO PAULO;SP;36;M;1;2004;1;1;3;;;;;0;B
140000001147;2014;TUBARAO;SC;19;F;1;2012;2;1;1;578.7;604.9;561.9;559.4;540;C
140000001148;2014;CAMPINA GRANDE;PB;21;F;1;2012;1;1;3;392.4;525.5;466.9;379.8;460;B
140000001149;2014;SALVADOR;BA;20;F;1;2012;2;1;2;430.7;459.7;505.2;440.3;520;C
140000001150;2014;DUQUE DE CAXIAS;RJ;49;M;1;2004;1;2;2;538.3;611.6;602.8;568.5;500;A
140000001151;2014;CURITIBA;PR;25;F;1;2006;1;1;3;;;;;0;G
140000001152;2014;COLOMBO;PR;32;M;1;2004;1;1;3;;;;;0;H
140000001153;2014;BELO HORIZONTE;MG;19;F;1;2013;1;1;1;;;;;0;E
140000001154;2014;JOAO PESSOA;PB;39;F;1;2004;1;2;5;480.7;497.6;485.9;420.9;540;C
140000001155;2014;CAMPOS DOS GOYTACAZES;RJ;30;F;1;2004;1;1;3;585.4;640.6;603.4;596.9;600;D
140000001156;2014;BAURU;SP;19;F;1;2013;1;1;3;443.9;572.1;553.3;413;580;B
140000001157;2014;PINHAIS;PR;22;F;1;2009;1;1;1;;;;;0;C
140000001158;2014;BRASILIA;DF;20;M;1;2012;1;1;1;402.3;556;491.1;415.6;520;E
140000001159;2014;LINHARES;ES;18;F;2;;1;2;3;568.4;528;577.2;504.2;600;C
140000001160;2014;FORTALEZA;CE;20;M;1;2011;2;1;1;683.2;707.9;616.3;803.6;580;D
140000001161;2014;BELEM;PA;18;M;3;;;;3;481.4;627.3;603.6;529;660;G
140000001162;2014;SAO PAULO;SP;34;M;4;;;;1;510.6;583;443.3;383.4;480;C
140000001163;2014;UBERLANDIA;MG;19;F;1;2012;1;1;1;611.2;601.2;613.8;516.7;860;G
140000001164;2014;JEQUIE;BA;18;F;1;2013;1;1;1;624.3;700.6;609.8;639.6;880;O
140000001165;2014;TABOAO DA SERRA;SP;16;F;3;;;;1;482;546;487.8;489.6;620;K
140000001166;2014;CURITIBA;PR;18;F;1;2013;2;1;1;;;;;0;D
140000001167;2014;BETIM;MG;20;F;1;2011;1;1;3;;;;;0;C
140000001168;2014;RECIFE;PE;27;F;1;2004;2;1;1;548.4;610.6;609.7;665.2;800;E
140000001169;2014;BARRA MANSA;RJ;26;M;4;;;;3;577.9;609.4;602.4;352.7;560;B
140000001170;2014;SAO LUIS;MA;31;M;1;2004;1;1;3;469.4;578.7;496.8;420.3;360;C
140000001171;2014;MANAUS;AM;20;M;1;2012;2;1;3;428.9;510.3;494.7;372.8;600;D
140000001172;2014;OSASCO;SP;21;M;1;2010;1;1;1;404.8;471.5;419.9;375.8;520;G
140000001173;2014;CURITIBA;PR;22;M;1;2010;1;1;3;581.5;588.7;575.1;620.8;560;H
140000001174;2014;SANTOS;SP;16;M;3;;;;1;470.9;597.9;537.7;520.6;640;I
140000001175;2014;PELOTAS;RS;27;M;1;2005;1;1;1;589.1;620.1;572;458.4;520;B
140000001176;2014;SAO PAULO;SP;18;M;2;;2;1;1;580.6;616.3;591.4;642.1;540;I
140000001177;2014;TRES RIOS;RJ;24;M;1;2008;1;1;1;;;;;0;F
140000001178;2014;MOSSORO;RN;14;F;3;;;;1;416.9;406.2;490.6;376.7;200;C
140000001179;2014;ARAGUAINA;TO;36;M;1;2004;1;1;3;;;;;0;H
140000001180;2014;ILHEUS;BA;33;M;1;2004;1;1;1;505.7;617.4;491.1;446.6;580;D
140000001181;2014;SAO PAULO;SP;19;M;2;;1;1;1;486;596.4;531.6;399.1;380;H
140000001182;2014;FORTALEZA;CE;29;M;1;2013;1;2;2;;;;;0;E
140000001183;2014;FRANCISCO MORATO;SP;18;F;1;2013;1;1;1;646.7;611.7;542.3;633.8;580;C
140000001184;2014;BELO HORIZONTE;MG;46;M;4;;;;1;541.1;629.1;536.2;587.4;600;P
140000001185;2014;SAO PAULO;SP;17;M;3;;;;1;504.4;590.7;509.1;426;280;D
140000001186;2014;RIO BRANCO;AC;45;M;1;2004;1;1;3;418;587.9;575.4;407.3;800;K
140000001187;2014;PORTO ALEGRE;RS;19;F;1;2012;1;1;1;;;;;0;C
140000001188;2014;SAO PAULO;SP;21;M;1;2011;1;1;1;427.7;471.5;454.7;412.8;460;F
140000001189;2014;BOA VISTA;RR;28;F;1;2004;1;1;3;419.1;579.9;573.8;537.3;540;B
140000001190;2014;SALVADOR;BA;20;F;2;;1;1;3;;;;;0;B
140000001191;2014;ITAGUAI;RJ;39;M;1;2004;1;1;1;472.5;590.3;548.3;402.6;340;G
140000001192;2014;VILA VELHA;ES;34;F;1;2004;1;1;5;;;;;0;F
140000001193;2014;SALVADOR;BA;18;M;1;2013;2;1;3;605.9;514.5;527.7;604.3;600;H
140000001194;2014;NATAL;RN;28;M;1;2004;2;1;2;523.5;583.8;542.2;621.2;580;F
140000001195;2014;SALVADOR;BA;28;F;1;2013;1;2;2;507.3;426.9;433.7;352.6;380;B
140000001196;2014;CONTAGEM;MG;25;F;1;2006;2;1;3;594.8;649;639.7;594.3;560;J
140000001197;2014;GUARULHOS;SP;31;M;1;2004;1;2;3;;;526.7;377.8;640;A
140000001198;2014;GUARULHOS;SP;21;F;1;2010;1;1;1;438.8;568.9;490.8;454.4;560;D
140000001199;2014;RECIFE;PE;31;F;1;2004;1;1;3;445.8;451.6;368.6;490.3;320;B
140000001200;2014;OSASCO;SP;24;F;1;2008;1;1;3;;;;;0;F
140000001201;2014;SAO PAULO;SP;22;M;1;2010;1;1;3;492.7;608.6;524.6;566.8;400;F
140000001202;2014;JOAO PESSOA;PB;22;M;1;2011;1;2;2;410.3;568.5;421.1;397.9;540;C
140000001203;2014;GARANHUNS;PE;31;F;1;2004;1;1;3;469.5;579.6;559.4;540.9;720;C
140000001204;2014;RIO BRANCO;AC;24;M;1;2008;1;1;1;371.2;439.6;428.4;356;520;B
140000001205;2014;BELO HORIZONTE;MG;29;F;1;2004;2;1;3;652.1;642.3;651.5;638.9;600;A
140000001206;2014;SAO GONCALO;RJ;22;M;1;2012;1;2;1;556.5;575.4;577.9;678.9;760;N
140000001207;2014;PATO BRANCO;PR;29;M;4;;;;3;512.8;598.5;529.6;493.8;300;F
140000001208;2014;SAO PAULO;SP;30;F;1;2004;1;1;3;;;;;0;E
140000001209;2014;ARAPIRACA;AL;27;F;1;2006;1;2;3;;;;;0;C
140000001210;2014;TERESINA;PI;36;M;1;2004;1;1;3;489.6;561.9;550.7;520.4;380;C
140000001211;2014;SALVADOR;BA;18;F;1;2013;2;1;1;670;688.3;615.5;761.1;720;O
140000001212;2014;SAO LEOPOLDO;RS;30;F;1;2005;1;1;1;;;;;0;C
140000001213;2014;SAO PAULO;SP;40;F;1;2004;1;1;3;508.1;486.2;456.1;450;480;B
140000001214;2014;FORTALEZA;CE;18;M;3;;;;3;461.7;540.8;534;404.9;440;B
140000001215;2014;AVARE;SP;17;F;2;;1;1;1;509.3;577.5;564;623.2;680;C
140000001216;2014;SAO LEOPOLDO;RS;19;M;1;2012;1;1;1;478.9;525.1;488.4;528.9;840;C
140000001217;2014;MAUA;SP;20;M;1;2011;1;1;2;552.3;678.1;674.7;660;780;C
140000001218;2014;ARACAJU;SE;21;M;1;2012;1;1;3;485.7;498.4;480.6;376.8;340;B
140000001219;2014;JOAO PESSOA;PB;31;F;1;2012;1;1;2;404;439;460;435.2;360;F
140000001220;2014;CAMBORIU;SC;24;M;1;2013;1;2;1;;;;;0;D
140000001221;2014;CAUCAIA;CE;33;M;1;2004;1;1;3;533.9;510.7;524.9;468.9;440;G
140000001222;2014;MOGI DAS CRUZES;SP;27;F;1;2013;1;2;1;;;;;0;F
140000001223;2014;FORTALEZA;CE;26;F;1;2008;2;1;3;533.9;574;541.6;556.2;600;C
140000001224;2014;RECIFE;PE;51;F;1;2004;1;1;3;;;;;0;C
140000001225;2014;SAO PAULO;SP;23;M;1;2010;2;2;1;;;;;0;B
140000001226;2014;JOINVILLE;SC;24;M;1;2007;1;1;1;542.3;680.6;618.9;695.6;640;G
140000001227;2014;ITABORAI;RJ;24;M;1;2009;1;1;3;588.8;587.5;429.4;627.6;600;G
140000001228;2014;UBERLANDIA;MG;29;M;1;2004;1;1;2;;;;;0;D
140000001229;2014;SALVADOR;BA;24;F;1;2007;1;1;3;;;;;0;D
140000001230;2014;JUIZ DE FORA;MG;18;F;1;2013;2;1;1;602.8;619.7;601.9;673.9;660;J
140000001231;2014;SANTO ANDRE;SP;19;F;1;2013;1;1;0;;;;;0;B
140000001232;2014;FORTALEZA;CE;36;F;1;2004;1;1;1;;;;;0;D
140000001233;2014;ANANINDEUA;PA;37;F;1;2004;1;1;3;461.7;494.4;420.9;408.4;320;D
140000001234;2014;UBERLANDIA;MG;29;M;4;;;;3;;;;;0;D
140000001235;2014;BETIM;MG;19;F;1;2013;1;1;3;490.4;566.6;556.8;574.1;640;J
140000001236;2014;VIAMAO;RS;18;F;1;2013;1;1;1;556.6;579.2;520.8;363.2;500;C
140000001237;2014;RECIFE;PE;46;F;1;2004;1;1;3;568.6;606.3;545.3;412.9;820;G
140000001238;2014;NOVO HAMBURGO;RS;24;M;4;;;;1;;;;;0;F
140000001239;2014;IPATINGA;MG;20;F;4;;;;3;407.2;560.2;494.5;418.7;640;C
140000001240;2014;TERESINA;PI;18;F;2;;2;1;3;628.1;616.5;626.4;564.8;700;O
140000001241;2014;TRES LAGOAS;MS;25;F;1;2007;1;1;3;544.9;610.9;551.3;573.5;460;C
140000001242;2014;BELEM;PA;31;F;1;2004;1;1;3;533.1;572.7;548.6;451.9;540;D
140000001243;2014;JOAO PESSOA;PB;24;F;1;2007;2;1;1;613.3;637.3;624.6;696.3;640;O
140000001244;2014;TRES LAGOAS;MS;27;M;4;;;;1;376.8;492.6;508.7;342;400;D
140000001245;2014;SAO PAULO;SP;28;F;1;2005;1;1;2;;;;;0;B
140000001246;2014;RECIFE;PE;16;F;3;;;;1;490.8;574.1;516.6;521.8;440;B
140000001247;2014;APARECIDA DE GOIANIA;GO;22;F;1;2009;1;1;3;;;;;0;D
140000001248;2014;SAO PAULO;SP;18;F;1;2013;1;1;3;580.7;632.1;592.7;514.6;640;I
140000001249;2014;SALVADOR;BA;31;M;1;2004;1;1;2;448.2;633.5;508.1;473.6;720;C
140000001250;2014;SAO PAULO;SP;18;M;2;;1;1;1;662.9;639.5;589.1;646.4;700;L
140000001251;2014;INDAIATUBA;SP;26;M;1;2007;1;2;1;520.5;581.5;477.6;604.2;420;D
140000001252;2014;NATAL;RN;26;M;1;2006;1;1;1;537.1;564.7;455.6;526.3;460;D
140000001253;2014;SAO PAULO;SP;21;F;1;2013;1;2;3;;;;;0;C
140000001254;2014;SANTAREM;PA;21;F;1;2009;1;1;3;520.3;664.9;593.5;469.3;660;C
140000001255;2014;MANAUS;AM;17;F;2;;1;1;1;598.5;625;541.7;426.2;820;G
140000001256;2014;RECIFE;PE;18;F;1;2013;2;1;2;482.4;527.2;525.9;388.4;480;C
140000001257;2014;FORTALEZA;CE;18;F;1;2013;2;1;3;562.5;626.9;559.9;455.6;720;D
140000001258;2014;RIO DE JANEIRO;RJ;20;F;1;2011;2;1;1;;;;;0;I
140000001259;2014;PARAUAPEBAS;PA;36;F;1;2004;1;1;3;412.4;477.2;350.4;404.1;300;B
140000001260;2014;RECIFE;PE;24;F;1;2008;2;1;1;559.9;608.2;560.3;508.6;800;C
140000001261;2014;SAO GONCALO;RJ;37;F;1;2004;1;1;3;;;;;0;D
140000001262;2014;SAO PAULO;SP;27;F;1;2011;1;2;2;497.1;495.8;498.2;471;820;E
140000001263;2014;JABOATAO DOS GUARARAPES;PE;22;F;1;2010;1;1;2;421.3;581.3;520.7;438.5;380;B
140000001264;2014;COLATINA;ES;18;F;1;2013;1;1;1;514.8;576.3;538.6;523.2;360;A
140000001265;2014;JABOATAO DOS GUARARAPES;PE;19;F;1;2012;1;1;3;448;574;523;496.5;720;B
140000001266;2014;CAMPO GRANDE;MS;47;F;1;2011;1;1;3;;;;;0;D
140000001267;2014;FORTALEZA;CE;47;F;1;2004;1;1;3;;;;;0;C
140000001268;2014;IPATINGA;MG;35;F;1;2004;1;1;1;544.2;600.3;499;487.5;620;B
140000001269;2014;NOVA IGUACU;RJ;23;F;1;2009;1;1;2;569.5;634.7;547;529;820;D
140000001270;2014;SALVADOR;BA;34;F;1;2004;1;1;1;489.6;615.3;573.1;419.2;500;B
140000001271;2014;CANOAS;RS;21;F;1;2012;1;1;1;388.8;508.9;469.9;351;400;G
140000001272;2014;GUARUJA;SP;22;F;1;2009;1;1;1;519;561.8;539.7;568.4;520;G
140000001273;2014;RIO DE JANEIRO;RJ;18;M;2;;2;1;3;604.5;590.8;484.2;686.1;640;G
140000001274;2014;FOZ DO IGUACU;PR;20;M;1;2011;2;1;1;514.4;568.1;569;701.9;520;I
140000001275;2014;NITEROI;RJ;40;F;1;2004;1;1;1;500.1;622.6;595.6;563.1;680;G
140000001276;2014;BELO HORIZONTE;MG;41;F;1;2004;1;1;1;488;520.7;498.4;407.7;520;D
140000001277;2014;SERRA;ES;26;F;1;2009;1;1;2;;;;;0;B
140000001278;2014;PIRACICABA;SP;20;M;1;2011;1;1;1;496.9;576.8;506.3;679.7;540;G
140000001279;2014;CONTAGEM;MG;18;F;1;2013;1;1;3;518;550.1;540.3;439.9;480;D
140000001280;2014;MANAUS;AM;26;M;1;2005;2;1;3;483.2;674.8;563.5;703.3;580;J
140000001281;2014;SAO PAULO;SP;56;M;1;2008;1;1;3;488.9;566.9;;;0;F
140000001282;2014;RIBEIRAO PRETO;SP;39;M;1;2004;1;1;1;727.1;683.4;553.5;767;680;M
140000001283;2014;TERESINA;PI;18;F;1;2013;1;1;3;538.2;602.9;521.1;571.5;640;B
140000001284;2014;NATAL;RN;51;M;1;2004;1;1;1;464;492.7;514.1;446.7;400;E
140000001285;2014;RECIFE;PE;23;M;1;2011;1;1;3;;;;;0;C
140000001286;2014;RIO DE JANEIRO;RJ;22;F;1;2012;1;1;3;384.4;555;533.9;338.5;600;C
140000001287;2014;PARNAMIRIM;RN;25;M;1;2006;1;1;3;482.6;633.6;573.6;484.1;700;E
140000001288;2014;GRAVATA;PE;21;M;1;2012;1;1;1;377.8;586.2;524;430.4;560;B
140000001289;2014;SALVADOR;BA;36;M;1;2004;1;1;3;470;596.5;549.4;397.7;560;B
140000001290;2014;IPATINGA;MG;21;M;1;2010;1;1;2;;;;;0;F
140000001291;2014;BELEM;PA;20;M;1;2012;1;1;1;475.1;608.7;572.9;408.6;580;C
140000001292;2014;BELO HORIZONTE;MG;20;F;1;2012;1;1;2;;;;;0;C
140000001293;2014;SAO GONCALO;RJ;49;F;1;2004;1;1;1;;;;;0;B
140000001294;2014;ITABUNA;BA;20;F;1;2011;1;1;3;460.6;540.5;532.7;401.7;640;B
140000001295;2014;BRASILIA;DF;20;M;1;2012;2;1;1;573;624.4;545.7;652.8;860;I
140000001296;2014;PONTE NOVA;MG;58;F;4;;;;3;507.3;593;491.2;396.7;580;H
140000001297;2014;JUIZ DE FORA;MG;42;F;1;2004;1;1;1;;;;;0;G
140000001298;2014;SALVADOR;BA;29;F;1;2004;2;1;1;459;650.6;609;359.6;660;H
140000001299;2014;FORTALEZA;CE;17;M;2;;1;1;3;489.1;532.2;532.1;627.4;400;D
140000001300;2014;CUIABA;MT;16;M;3;;;;3;487.6;551.9;561.1;561.9;520;H
140000001301;2014;BRASILIA;DF;17;F;2;;1;1;3;442;543.7;520.1;556.2;560;E
140000001302;2014;RECIFE;PE;17;F;2;;1;1;3;517.2;540.4;491.4;543.9;540;C
140000001303;2014;SAO PAULO;SP;25;F;1;2005;1;1;3;;;;;0;C
140000001304;2014;CUIABA;MT;21;F;1;2011;1;1;2;;;;;0;C
140000001305;2014;MOSSORO;RN;25;F;1;2008;1;1;1;402.5;481.7;515.2;351.6;420;C
140000001306;2014;MANAUS;AM;28;F;1;2004;1;1;3;;;;;0;D
140000001307;2014;ARARANGUA;SC;24;M;1;2013;1;2;3;;;;;0;E
140000001308;2014;BARREIRAS;BA;20;M;1;2011;1;1;3;;;;;0;D
140000001309;2014;SANTAREM;PA;22;F;1;2009;1;1;3;;;;;0;C
140000001310;2014;MANAUS;AM;18;F;2;;1;1;3;496.1;563.3;470.2;342.1;460;A
140000001311;2014;COTIA;SP;23;F;1;2009;1;1;1;521.5;645.5;589.9;479.1;700;I
140000001312;2014;SANTA MARIA;RS;19;F;2;;2;2;1;480.8;533.4;492.2;494.3;380;D
140000001313;2014;BLUMENAU;SC;19;F;1;2012;2;1;3;619.9;676.8;603;643.6;600;J
140000001314;2014;FORTALEZA;CE;20;F;1;2013;1;1;3;492;607.8;598.5;545.5;540;D
140000001315;2014;BRASILIA;DF;31;M;1;2004;1;1;3;547;657.6;605.8;496.2;680;C
140000001316;2014;CRICIUMA;SC;22;F;1;2010;1;1;1;549.7;594.1;621;589.2;640;G
140000001317;2014;CRUZEIRO;SP;21;F;1;2010;1;1;3;;;;;0;B
140000001318;2014;CAMPO MOURAO;PR;18;F;1;2012;1;1;1;545.4;657.4;648.5;585.7;520;G
140000001319;2014;PORTO VELHO;RO;28;M;1;2004;1;1;4;;;;;0;C
140000001320;2014;SOROCABA;SP;18;F;1;2013;1;1;3;456.1;529.7;524;368.2;600;D
140000001321;2014;FORTALEZA;CE;28;M;1;2004;2;1;3;;;;;0;I
140000001322;2014;OSASCO;SP;21;M;2;;2;2;3;533.6;613.2;540.2;413.6;580;C
140000001323;2014;BARUERI;SP;27;F;1;2004;1;1;1;;;;;0;F
140000001324;2014;BAGE;RS;27;M;4;;;;3;509.8;552.2;533.1;412.2;400;B
140000001325;2014;PAULINIA;SP;26;M;1;2006;1;1;2;497.4;626.7;544.7;542;360;G
140000001326;2014;BRASILIA;DF;35;F;1;2004;1;1;4;455.9;570.8;574.9;448.5;500;I
140000001327;2014;LONDRINA;PR;41;M;4;;;;1;;;;;0;E
140000001328;2014;POA;SP;19;F;1;2012;1;1;3;;;;;0;B
140000001329;2014;MACEIO;AL;39;M;1;2004;1;1;3;546.7;585;503.8;448.4;360;D
140000001330;2014;SAO PAULO;SP;18;F;1;2013;2;1;1;637.3;643.3;632.2;676.2;520;M
140000001331;2014;SOROCABA;SP;18;F;1;2013;1;1;1;433.4;586.4;541.3;329.5;380;D
140000001332;2014;SANTA LUZIA;MG;25;F;1;2007;1;1;1;;;;;0;D
140000001333;2014;ITAPIRA;SP;16;F;3;;;;3;550.9;513.3;528;523.3;420;F
140000001334;2014;SUMARE;SP;18;M;1;2013;2;1;1;706.8;657.9;615.3;820.9;640;M
140000001335;2014;GOIANIA;GO;22;F;1;2011;1;1;1;678.6;664.2;618;679.9;860;I
140000001336;2014;SANTO ANTONIO DE JESUS;BA;34;F;1;2004;1;1;3;;;;;0;B
140000001337;2014;SALVADOR;BA;20;M;1;2011;1;1;2;425.9;485.2;446.7;401.2;420;B
140000001338;2014;FORTALEZA;CE;21;M;1;2011;2;1;1;514.6;570.2;570.6;507.3;400;D
140000001339;2014;SAO CARLOS;SP;39;F;1;2004;2;1;1;542;613.3;588.6;516.1;560;D
140000001340;2014;MACEIO;AL;21;M;1;2012;2;1;1;;;;;0;E
140000001341;2014;ANANINDEUA;PA;56;F;1;2007;1;1;1;471.8;507.1;411.8;372.6;300;B
140000001342;2014;SAO PAULO;SP;17;F;2;;1;1;3;502.2;639;596.2;516;720;E
140000001343;2014;CURITIBA;PR;24;F;1;2007;1;1;1;556.5;611.2;;;0;G
140000001344;2014;RECIFE;PE;29;F;1;2004;1;1;3;565.3;614.1;;;0;D
140000001345;2014;ITABUNA;BA;47;M;1;2004;1;1;3;;;;;0;E
140000001346;2014;SALVADOR;BA;22;F;1;2012;1;1;2;381.8;417.1;447.9;335.5;300;B
140000001347;2014;CARIACICA;ES;19;F;1;2013;1;1;3;;;;;0;D
140000001348;2014;GOIANIA;GO;16;F;3;;;;1;602.7;599.9;577.8;684;720;I
140000001349;2014;PORTO ALEGRE;RS;29;M;4;;;;1;498.3;612.7;584.4;410;620;F
140000001350;2014;ATIBAIA;SP;19;F;1;2013;1;1;3;;;;;0;E
140000001351;2014;DOURADOS;MS;21;F;4;;;;1;;;;;0;B
140000001352;2014;FEIRA DE SANTANA;BA;27;M;1;2010;1;2;2;500.8;595.7;456.2;362.4;440;C
140000001353;2014;NATAL;RN;20;F;1;2010;2;1;3;500.1;563.5;494.2;462.9;620;B
140000001354;2014;SAO LUIS;MA;30;F;1;2004;2;1;2;393.8;591.3;431.2;340.6;540;D
140000001355;2014;VITORIA;ES;20;F;1;2012;1;1;3;445.9;503.8;450.8;336.8;360;B
140000001356;2014;BELEM;PA;41;F;4;;;;3;458.5;612.5;501.6;399.2;480;D
140000001357;2014;MARACANAU;CE;28;F;1;2007;2;1;3;499.9;460;504.8;476.5;380;C
140000001358;2014;RIO DE JANEIRO;RJ;19;M;1;2013;1;1;3;471.6;478.4;496.9;507.5;400;C
140000001359;2014;RIBEIRAO DAS NEVES;MG;20;F;1;2011;1;1;3;407.2;461.7;441.7;326.4;540;D
140000001360;2014;CABO DE SANTO AGOSTINHO;PE;18;M;1;2012;1;1;5;375.7;498.2;360.9;439.5;160;D
140000001361;2014;JOAO PESSOA;PB;22;F;1;2010;1;1;0;399.3;492.2;485.7;346.3;560;C
140000001362;2014;SALVADOR;BA;21;F;1;2010;2;1;3;561.9;631;675.8;628.9;780;C
140000001363;2014;SAO PAULO;SP;21;M;1;2011;1;1;1;618.4;676.6;554.6;840.7;800;F
140000001364;2014;BELEM;PA;18;M;1;2013;2;1;1;533.5;616.7;505;620;620;P
140000001365;2014;CAMPINAS;SP;31;M;4;;;;3;418.7;590.7;;;0;C
140000001366;2014;RIO DE JANEIRO;RJ;25;F;4;;;;1;472.9;580.1;519.5;454.6;540;C
140000001367;2014;SALVADOR;BA;15;M;3;;;;3;441.7;504.7;509.1;489.8;460;G
140000001368;2014;PRESIDENTE PRUDENTE;SP;24;M;1;2008;1;2;1;499.2;586.3;533.2;387;320;D
140000001369;2014;CARIACICA;ES;32;F;1;2006;1;1;3;;;;;0;G
140000001370;2014;BRASILIA;DF;33;F;1;2008;2;1;1;477.8;429.7;514.6;449.8;280;I
140000001371;2014;TUBARAO;SC;25;F;1;2011;1;1;1;466.4;589.4;539.9;460.1;400;D
140000001372;2014;TERESINA;PI;29;M;1;2010;1;2;3;;;;;0;D
140000001373;2014;PETROLINA;PE;18;F;3;;;;3;564.9;617.4;578.5;440.3;0;B
140000001374;2014;NATAL;RN;18;F;1;2013;1;1;3;427;491.9;423.2;397.4;520;E
140000001375;2014;LONDRINA;PR;51;M;4;;;;4;470.7;529.1;536.3;504.5;540;D
140000001376;2014;PORTO VELHO;RO;49;F;1;2004;1;1;3;420.7;456.9;484.6;371.6;280;B
140000001377;2014;BARUERI;SP;25;M;1;2007;1;1;3;;;;;0;G
140000001378;2014;SANTO ANGELO;RS;23;F;1;2008;1;1;1;568.8;541.2;556.1;439.7;720;E
140000001379;2014;ARACAJU;SE;17;M;2;;2;1;3;438.5;576.7;463.3;451.4;520;C
140000001380;2014;GOIANIA;GO;19;F;2;;1;1;1;526.7;595;526.6;525.6;620;H
140000001381;2014;RIO DE JANEIRO;RJ;17;F;2;;1;1;2;466.4;509.6;528.9;438.7;540;B
140000001382;2014;BARREIRAS;BA;22;F;1;2010;1;1;1;523.6;549.5;501.6;429.5;620;C
140000001383;2014;TRES LAGOAS;MS;24;M;1;2008;1;1;3;510.8;550.1;471.3;599.7;480;C
140000001384;2014;FORTALEZA;CE;30;M;1;2011;1;2;1;;;;;0;B
140000001385;2014;RECIFE;PE;26;F;2;;1;2;0;431.3;568;519.7;436.1;540;B
140000001386;2014;FEIRA DE SANTANA;BA;52;F;1;2004;1;1;2;382.2;488.6;423.1;384.6;260;C
140000001387;2014;SAO JOSE DOS CAMPOS;SP;28;M;1;2004;1;1;2;501.7;582;580.6;453.7;780;C
140000001388;2014;ITU;SP;34;F;1;2004;1;1;2;;;;;0;D
140000001389;2014;RIO DE JANEIRO;RJ;21;M;1;2011;1;1;3;434.4;591;530.9;430.3;460;C
140000001390;2014;IGUATU;CE;30;F;1;2004;1;1;1;467;506.7;507.8;349.7;200;B
140000001391;2014;CUBATAO;SP;20;F;1;2012;1;1;3;445.8;553.2;535.1;588.8;380;C
140000001392;2014;SAO PAULO;SP;19;F;1;2012;1;1;3;487.1;572.8;460.3;409.6;400;C
140000001393;2014;SAO LUIS;MA;45;M;;;;;;;;;;;
